supplier_code,supplier_name,address,zipcode,industry_code,industry_desc,supplier_group,payment_group,is_active,supplier_code,purchases_after_2021
ESVE0009,ERV SERVICES,NULL,NULL,15,LOCAL SUPPLIERS,OTHER VENDOR,15 DAYS,Y,ESVE0009,Y
UCVM0006,NULL,NULL,628407,NULL,NULL,OTHER VENDOR,30 DAYS,N,NULL,NULL
UCVP0004,POWER AUTO CAR SERVICES,BLK 3012 BEDOK INDUSTRIAL PARK E,NULL,15,LOCAL SUPPLIERS,OTHER VENDOR,30 DAYS,Y,NULL,NULL
USVA0001,A & A KITCHEN EQUIPMENT PTE LTD,BLK 194 PANDAN LOOP,west,15,LOCAL SUPPLIERS,OTHER VENDOR,CASH,Y,NULL,NULL
USVA0002,AGILITY INTERNATIONAL LOGISTICS PTE LTD,NULL,498802,15,LOCAL SUPPLIERS,OTHER VENDOR,CASH,Y,USVA0002,Y
USVA0003,ANG KEE COLD STORE PTE LTD,220 PANDAN LOOP,128409 west,15,LOCAL SUPPLIERS,OTHER VENDOR,30 DAYS,Y,USVA0003,Y
USVA0004,AIK LEE ANN TRANSPORT,4 PENJURU ROAD LOT 22,609122 west,15,LOCAL SUPPLIERS,OTHER VENDOR,CASH,Y,NULL,NULL
USVA0005,AFON TECHNOLOGIES PTE LTD,1 COMMONWEALTH LANE #07-19,149544 west,15,LOCAL SUPPLIERS,OTHER VENDOR,30 DAYS,Y,USVA0005,Y
USVA0006,AIA INSURANCE,3 TAMPINES GRANDE,NULL,15,LOCAL SUPPLIERS,OTHER VENDOR,CASH,Y,USVA0006,Y
USVA0007,ANGLISS SINGAPORE PTE LTD,232 PANDAN LOOP,NULL,15,LOCAL SUPPLIERS,OTHER VENDOR,30 DAYS,Y,NULL,NULL
USVA0009,ACUMED MEDICAL PTE LTD,10 TOH GUAN RD,NULL,15,LOCAL SUPPLIERS,OTHER VENDOR,30 DAYS,Y,USVA0009,Y
USVA0010,ADVENTUS SINGAPORE PTE LTD,"6 BATTERY ROAD,",NULL,15,LOCAL SUPPLIERS,OTHER VENDOR,30 DAYS,Y,USVA0010,Y
USVA0011,AMCOWELD INC PTE LTD,BLK 1005 EUNOS AVE 7,NULL,15,LOCAL SUPPLIERS,OTHER VENDOR,30 DAYS,Y,NULL,NULL
USVA0012,ACE PLUMBING SERVICES,NULL,576278,15,LOCAL SUPPLIERS,OTHER VENDOR,30 DAYS,Y,NULL,NULL
USVA0013,ADVANCE LAW LLC,NULL,319402,15,LOCAL SUPPLIERS,OTHER VENDOR,30 DAYS,Y,NULL,NULL
USVA0014,ASAP FREIGHT PRIVATE LIMITED,NULL,367954,15,LOCAL SUPPLIERS,OTHER VENDOR,30 DAYS,Y,USVA0014,Y
USVA0015,ARENA CONSTRUCTION PTE LTD,NULL,SINGAPORE 408571,15,LOCAL SUPPLIERS,OTHER VENDOR,30 DAYS,Y,NULL,NULL
USVA0016,ASTRA ASSURANCE AGENCIES LLP,NULL,NULL,15,LOCAL SUPPLIERS,OTHER VENDOR,CASH,Y,USVA0016,Y
USVA0017,AFON IT PTE LTD,NULL,NULL,15,LOCAL SUPPLIERS,OTHER VENDOR,30 DAYS,Y,USVA0017,Y
USVA0018,AOP LOGISTICS (S) PTE LTD,"2 FISHERY PORT ROAD,",SINGAPORE 619746,15,LOCAL SUPPLIERS,OTHER VENDOR,30 DAYS,Y,USVA0018,Y
USVA0019,ALLINK INSURANCE AGENCY PTE LTD,NULL,SINGAPORE 650153,15,LOCAL SUPPLIERS,OTHER VENDOR,30 DAYS,Y,USVA0019,Y
USVA0020,ACE DYNAMIC HOLDINGS PTE LTD,NULL,NULL,15,LOCAL SUPPLIERS,OTHER VENDOR,30 DAYS,Y,USVA0020,Y
USVA0021,ACE FRESH PTE LTD,NULL,408868,15,LOCAL SUPPLIERS,OTHER VENDOR,30 DAYS,Y,USVA0021,Y
USVA0022,ACE MARKETPLACE PTE LTD,NULL,408868,15,LOCAL SUPPLIERS,OTHER VENDOR,30 DAYS,Y,USVA0022,Y
USVA0023,ASTHER MEDICAL SUPPLIES PTE LTD,NULL,NULL,15,LOCAL SUPPLIERS,OTHER VENDOR,30 DAYS,Y,USVA0023,Y
USVB0001,BELLS FLORA PTE LTD,BLK 41 CAMBRIDGE ROAD,210041 central,15,LOCAL SUPPLIERS,OTHER VENDOR,30 DAYS,Y,USVB0001,Y
USVB0002,ABPI TECHNOLOGIES PTE LTD,31 MANDAI ESTATE,NULL,15,LOCAL SUPPLIERS,OTHER VENDOR,30 DAYS,Y,NULL,NULL
USVB0003,BEST PETROL & DIESEL SUPPLY,5 BENOI PLACE,NULL,15,LOCAL SUPPLIERS,OTHER VENDOR,30 DAYS,Y,USVB0003,Y
USVB0004,BATTERY ASIA (S) PTE LTD,NULL,SINGAPORE 639150,15,LOCAL SUPPLIERS,OTHER VENDOR,30 DAYS,Y,NULL,NULL
USVB0005,BISHOKU SG,NULL,NULL,15,LOCAL SUPPLIERS,OTHER VENDOR,CASH,Y,USVB0005,Y
USVC0001,CHENG HENG PAPER PRODUCTS CO (PTE) LTD,85 LOYANG WAY,508768 east,15,LOCAL SUPPLIERS,OTHER VENDOR,30 DAYS,Y,USVC0001,Y
USVC0002,CROWN EQUIPMENT (SINGAPORE) PTE LTD,15 TUAS AVENUE 8,639230 west,15,LOCAL SUPPLIERS,OTHER VENDOR,CASH,Y,NULL,NULL
USVC0003,CO-PACK LABEL INDUSTRIES PTE LTD,BLK 3023 UBI ROAD 3,408663 east,15,LOCAL SUPPLIERS,OTHER VENDOR,30 DAYS,Y,NULL,NULL
USVC0004,CHONG SENG PLASTICS PTE LTD,71 WOODLANDS IND PARK E9,738472 north,15,LOCAL SUPPLIERS,OTHER VENDOR,30 DAYS,Y,USVC0004,Y
USVC0005,CKF MANAGEMENT CONSULTANTS PTE LTD,59 NEIL ROAD,NULL,15,LOCAL SUPPLIERS,OTHER VENDOR,CASH,Y,USVC0005,Y
USVC0006,CENTRAL MERCANTILE CORPORATION(S) LTD.,-,NULL,15,LOCAL SUPPLIERS,OTHER VENDOR,CASH,Y,NULL,NULL
USVC0007,CERTIFICATION INTERNATIONAL (SINGAPORE) PTE LTD,60 ALBERT STREET,189969 east,15,LOCAL SUPPLIERS,OTHER VENDOR,CASH,Y,NULL,NULL
USVC0008,CWT LIMITED,38 TANJONG PENJURU,NULL,15,LOCAL SUPPLIERS,OTHER VENDOR,CASH,Y,NULL,NULL
USVC0009,COOL X'PRESS ENTERPRISE,NULL,NULL,15,LOCAL SUPPLIERS,OTHER VENDOR,CASH,Y,NULL,NULL
USVC0010,CTE AUTOMOBILE PTE LTD,1 SUNVIEW ROAD #08-44,NULL,15,LOCAL SUPPLIERS,OTHER VENDOR,CASH,Y,NULL,NULL
USVC0011,CITY MANPOWER CONSULTANCY,NULL,388398,15,LOCAL SUPPLIERS,OTHER VENDOR,30 DAYS,Y,USVC0011,Y
USVC0012,CANON SINGAPORE PTE LTD,NULL,138522,15,LOCAL SUPPLIERS,OTHER VENDOR,30 DAYS,Y,NULL,NULL
USVC0013,COMLAW LLC,NULL,49711,15,LOCAL SUPPLIERS,OTHER VENDOR,CASH,Y,USVC0013,Y
USVC0014,CT@ PANDAN PTE LTD,NULL,NULL,15,LOCAL SUPPLIERS,OTHER VENDOR,30 DAYS,Y,USVC0014,Y
USVC0015,CHUBB INSURANCE SINGAPORE LTD,NULL,49711,15,LOCAL SUPPLIERS,TRADE VENDOR,CASH,Y,USVC0015,Y
USVC0016,CCIS SINGAPORE PTE LTD,NULL,SINGAPORE 159308,15,LOCAL SUPPLIERS,OTHER VENDOR,30 DAYS,Y,NULL,NULL
USVC0017,COSMOS LOGISTIC,NULL,643218,15,LOCAL SUPPLIERS,OTHER VENDOR,30 DAYS,Y,NULL,NULL
USVC0018,CT@PANDAN PTE LTD - DMF,NULL,NULL,15,LOCAL SUPPLIERS,OTHER VENDOR,30 DAYS,Y,USVC0018,Y
USVC0019,C&L VENTURES,NULL,738733,15,LOCAL SUPPLIERS,OTHER VENDOR,CASH,Y,USVC0019,Y
USVD0001,DECAL SINGAPORE PTE LTD,"Blk 1200, Depot Road, #03-21",109675 west,15,LOCAL SUPPLIERS,OTHER VENDOR,30 DAYS,Y,USVD0001,Y
USVD0002,DATA CONNECT TECHNOLOGIES PTE LTD,"33 UBI AVE 3,",408868 east,15,LOCAL SUPPLIERS,OTHER VENDOR,CASH,Y,NULL,NULL
USVD0003,DSV AIR & SEA SINGAPORE PTE LTD,NULL,NULL,15,LOCAL SUPPLIERS,OTHER VENDOR,COD,Y,USVD0003,Y
USVE0001,EIKA AUTOMOTIVE & ACCESSORIES,253 JALAN BUROH,128828 west,15,LOCAL SUPPLIERS,OTHER VENDOR,CASH,Y,NULL,NULL
USVE0002,ERICSON TRAVEL PTE LTD,100 JALAN SULTAN #01-11,east,15,LOCAL SUPPLIERS,OTHER VENDOR,CASH,Y,NULL,NULL
USVE0003,ENG HWA INDUSTRIAL SUPPLIES PTE LTD,1 SUNVIEW ROAD #02-25,NULL,15,LOCAL SUPPLIERS,OTHER VENDOR,CASH,Y,USVE0003,Y
USVE0004,EQUULEUS SINGAPORE PTE LTD,11 WOODLANDS CLOSE,NULL,15,LOCAL SUPPLIERS,OTHER VENDOR,CASH,Y,USVE0004,Y
USVE0005,EH CONSULTANT SERVICES,BLK 116 CLEMENTI ST 13,NULL,15,LOCAL SUPPLIERS,OTHER VENDOR,CASH,Y,USVE0005,Y
USVE0006,ELECTRONICS INDUSTRIES TRAINING CENTRE,NULL,569870,15,LOCAL SUPPLIERS,OTHER VENDOR,CASH,Y,USVE0006,Y
USVE0007,EXCLUSIVE DISTRIBUTOR PTE LTD,NULL,SINGAPORE 339703,15,LOCAL SUPPLIERS,OTHER VENDOR,30 DAYS,Y,NULL,NULL
USVE0008,ENERGY SYSTEMS TRANSNATIONAL PTE LTD,NULL,637500,15,LOCAL SUPPLIERS,OTHER VENDOR,30 DAYS,Y,USVE0008,Y
USVE0009,ENG KONG CONTAINER AGENCIES PTE LTD,NULL,NULL,15,LOCAL SUPPLIERS,OTHER VENDOR,30 DAYS,Y,USVE0009,Y
USVE0010,ERGO INSURANCE PTE LTD,NULL,NULL,15,LOCAL SUPPLIERS,OTHER VENDOR,30 DAYS,Y,USVE0010,Y
USVE0014,ELITE MANAGEMENT SERVICES PTE LTD,NULL,NULL,15,LOCAL SUPPLIERS,OTHER VENDOR,30 DAYS,Y,USVE0014,Y
USVF0001,FOODNET INTERNATIONAL CONSULTING & PROJECTS PTE LTD,NULL,NULL,15,LOCAL SUPPLIERS,OTHER VENDOR,30 DAYS,Y,USVF0001,Y
USVF0002,FREIGHT CONNECT (S) PTE LTD,"9 GUL ROAD,",629361 west,15,LOCAL SUPPLIERS,OTHER VENDOR,CASH,Y,NULL,NULL
USVF0003,FASTCO PTE LTD,NULL,SINGAPORE 619732,15,LOCAL SUPPLIERS,OTHER VENDOR,30 DAYS,Y,NULL,NULL
USVF0004,FAIRBANKS LOGISTICS PTE LTD,NULL,SINGAPORE 629175,15,LOCAL SUPPLIERS,OTHER VENDOR,30 DAYS,Y,USVF0004,Y
USVG0001,GOLD PLUS CONSTRUCTION PTE LTD,NULL,600351,15,LOCAL SUPPLIERS,OTHER VENDOR,CASH,Y,USVG0001,Y
USVG0002,GOLDBELL LEASING PTE LTD,18 TUAS AVE 10,128313 west,15,LOCAL SUPPLIERS,OTHER VENDOR,30 DAYS,Y,USVG0002,Y
USVG0003,WEI LEE POLYTHENE,"BLK O, 105/103 PANDAN LOOP",128313 west,15,LOCAL SUPPLIERS,OTHER VENDOR,CASH,Y,NULL,NULL
USVG0004,ALPHA CELSIUS PTE LTD,"Blk 22, Woodlands Link,",738734 north,15,LOCAL SUPPLIERS,OTHER VENDOR,30 DAYS,Y,USVG0004,Y
USVG0005,GENERAL MEAT CORPORATION PTE LTD (NT),6 FISHERY PORT ROAD,NULL,15,LOCAL SUPPLIERS,OTHER VENDOR,30 DAYS,Y,USVG0005,Y
USVG0006,GINHE TRADING PTE LTD,NULL,658064,15,LOCAL SUPPLIERS,OTHER VENDOR,30 DAYS,Y,USVG0006,Y
USVG0007,GS1 SINGAPORE LIMITED,NULL,NULL,15,LOCAL SUPPLIERS,OTHER VENDOR,30 DAYS,Y,USVG0007,Y
USVG0008,GRID PLUS PTE LTD,NULL,NULL,15,LOCAL SUPPLIERS,OTHER VENDOR,30 DAYS,Y,USVG0008,Y
USVG0009,GEETHA A & ASSOCIATES,NULL,SINGAPORE 169208,15,LOCAL SUPPLIERS,OTHER VENDOR,30 DAYS,Y,USVG0009,Y
USVG0010,GRAND WEALTH MARKETING AND RESOURCES,NULL,SINGAPORE 348743,15,LOCAL SUPPLIERS,OTHER VENDOR,30 DAYS,Y,USVG0010,Y
USVH0001,HONG HENG MOTOR REPAIR,"7, PENJURU CLOSE, #04-04 SOON HOCK LOGISTICS BUILDING,",608779 west,15,LOCAL SUPPLIERS,OTHER VENDOR,CASH,Y,NULL,NULL
USVH0002,HILFREIGHT PTE LTD,6 UBI ROAD 1,408726 east,15,LOCAL SUPPLIERS,OTHER VENDOR,CASH,Y,NULL,NULL
USVH0003,HOYA FLORA & HAMPERS,NO 17/17A/17B,south,15,LOCAL SUPPLIERS,OTHER VENDOR,30 DAYS,Y,USVH0003,Y
USVH0004,HCS HUMAN CAPITAL SINGAPORE,11 EUNOS ROAD 8,NULL,15,LOCAL SUPPLIERS,OTHER VENDOR,CASH,Y,NULL,NULL
USVH0005,HOUSE DE CARZ TRADING PTE LTD,NULL,NULL,15,LOCAL SUPPLIERS,OTHER VENDOR,CASH,Y,NULL,NULL
USVH0006,HITACHI CAPITAL ASIA PACIFIC PTE LTD,NULL,NULL,15,LOCAL SUPPLIERS,OTHER VENDOR,30 DAYS,Y,USVH0006,Y
USVH0007,HI-TECH (A.E.M) PTE LTD,NULL,408934,15,LOCAL SUPPLIERS,OTHER VENDOR,CASH,Y,USVH0007,Y
USVH0008,HYPAC PACKAGING PTE LTD,NULL,118518,15,LOCAL SUPPLIERS,OTHER VENDOR,CASH,Y,USVH0008,Y
USVH0010,HUMMING FLOWERS & GIFTS PTE LTD,21 UBI ROAD 1,NULL,15,LOCAL SUPPLIERS,OTHER VENDOR,30 DAYS,Y,NULL,NULL
USVH0011,HCG ENVIRONMENT PTE LTD,NULL,SINGAPORE 637777,15,LOCAL SUPPLIERS,OTHER VENDOR,30 DAYS,Y,USVH0011,Y
USVH0012,HD MANPOWER CONSULTANTS PTE LTD,NULL,SINGAPORE 768160,15,LOCAL SUPPLIERS,OTHER VENDOR,30 DAYS,Y,USVH0012,Y
USVH0013,NULL,NULL,NULL,NULL,NULL,OTHER VENDOR,30 DAYS,Y,NULL,NULL
USVH0014,HONSEN PRINTING INDUSTRIES PTE LTD,NULL,408571,15,LOCAL SUPPLIERS,OTHER VENDOR,30 DAYS,Y,USVH0014,Y
USVH0016,HUMEBERLY (S) PTE LTD,NULL,610063,15,LOCAL SUPPLIERS,OTHER VENDOR,30 DAYS,Y,USVH0016,Y
USVI0001,INTERTRANS NETWORK PTE LTD,NULL,NULL,15,LOCAL SUPPLIERS,OTHER VENDOR,30 DAYS,Y,NULL,NULL
USVI0002,ICONZ PTE LTD,61 BKT BATOK CRESCENT #04-01F,NULL,15,LOCAL SUPPLIERS,OTHER VENDOR,30 DAYS,Y,NULL,NULL
USVI0003,INC PEST MANAGEMENT PTE LTD,194 PANDAN LOOP,NULL,15,LOCAL SUPPLIERS,OTHER VENDOR,30 DAYS,Y,USVI0003,Y
USVI0004,IVAN INSURANCE AGENCY,NULL,573969,15,LOCAL SUPPLIERS,OTHER VENDOR,CASH,Y,USVI0004,Y
USVI0005,INS-SOLUTIONS AGENCY PTE LTD,NULL,169876,15,LOCAL SUPPLIERS,OTHER VENDOR,30 DAYS,Y,NULL,NULL
USVI0006,IDEAL TECHNOLOGY (S) PTE LTD,NULL,SINGAPORE 600134,15,LOCAL SUPPLIERS,OTHER VENDOR,30 DAYS,Y,USVI0006,Y
USVI0007,ITC COLD CHAIN LOGISTICS PTE LTD,NULL,609966,15,LOCAL SUPPLIERS,OTHER VENDOR,30 DAYS,Y,USVI0007,Y
USVI0008,IPLAST 4.0 PTE LTD,NULL,69534,15,LOCAL SUPPLIERS,OTHER VENDOR,30 DAYS,Y,USVI0008,Y
USVJ0001,JOAQUIM FLORIST & GIFTS PTE LTD,"3, IRVING ROAD, #05-03",369522 east,15,LOCAL SUPPLIERS,OTHER VENDOR,CASH,Y,USVJ0001,Y
USVJ0002,JAPAN PACK SYSTEM PTE LTD,2 JURONG EAST ST 21,SPORE 609601,15,LOCAL SUPPLIERS,OTHER VENDOR,30 DAYS,Y,USVJ0002,Y
USVJ0003,JIE HENG MOTORING,NULL,NULL,15,LOCAL SUPPLIERS,OTHER VENDOR,CASH,Y,NULL,NULL
USVJ0004,JJW MARKETING,BLK 142 BUKIT BATOK ST 11,NULL,15,LOCAL SUPPLIERS,OTHER VENDOR,30 DAYS,Y,USVJ0004,Y
USVJ0005,JURONG FOOD HUB MCST 3724,NULL,NULL,15,LOCAL SUPPLIERS,OTHER VENDOR,30 DAYS,Y,USVJ0005,Y
USVJ0006,JTC CORPORATION,NULL,609434,15,LOCAL SUPPLIERS,OTHER VENDOR,30 DAYS,Y,USVJ0006,Y
USVJ0007,JURONG COLD STORE PTE LTD,11 CHIN BEE DRIVE,619862,15,LOCAL SUPPLIERS,OTHER VENDOR,30 DAYS,Y,USVJ0007,Y
USVK0001,KJ TECHNOLOGIES PTE LTD,10 ANSON ROAD #26-04,079903 central,15,LOCAL SUPPLIERS,OTHER VENDOR,CASH,Y,USVK0001,Y
USVK0002,KIMTY FIRE PROTECTION CO PTE LTD,NULL,NULL,15,LOCAL SUPPLIERS,OTHER VENDOR,30 DAYS,Y,USVK0002,Y
USVK0003,KO BAK SENG TRADING SERVICES,BLK 851  YISHUN STREET 81,NULL,15,LOCAL SUPPLIERS,OTHER VENDOR,30 DAYS,Y,NULL,NULL
USVK0004,KIM HUAT HENG ELECTRICAL ENGINEERING,50 TUAS AVENUE 11,NULL,15,LOCAL SUPPLIERS,OTHER VENDOR,30 DAYS,Y,USVK0004,Y
USVK0005,K J TECHNOLOGIES PTE LTD,NULL,SINGAPORE 608526,15,LOCAL SUPPLIERS,OTHER VENDOR,30 DAYS,Y,NULL,NULL
USVK0006,KENWEY,NULL,MASAL 81750,15,LOCAL SUPPLIERS,OTHER VENDOR,30 DAYS,Y,USVK0006,Y
USVL0001,LIFA ENGINEERING & TRADING,18 MANDAI ESTATE #03-08,729910north,15,LOCAL SUPPLIERS,OTHER VENDOR,CASH,Y,NULL,NULL
USVL0002,LIAN SENG WEIGHING SCALE CO.,"229 GEYLANG ROAD,",389289 east,15,LOCAL SUPPLIERS,OTHER VENDOR,30 DAYS,Y,USVL0002,Y
USVL0003,LIFTRAK ENGINEERING PTE LTD,8 TUAS AVENUE 10,west,15,LOCAL SUPPLIERS,OTHER VENDOR,CASH,Y,NULL,NULL
USVL0004,LOYAL RELIANCE PTE LTD,14 ROBINSON ROAD,48545 central,15,LOCAL SUPPLIERS,OTHER VENDOR,CASH,Y,NULL,NULL
USVL0006,LYRECO (SINGAPORE) PTE LTD,391B ORCHARD ROAD,NULL,15,LOCAL SUPPLIERS,OTHER VENDOR,30 DAYS,Y,USVL0006,Y
USVL0007,LIFT WORKS PTE LTD,NULL,588176,15,LOCAL SUPPLIERS,OTHER VENDOR,CASH,Y,USVL0007,Y
USVM0001,MONZONE AIR-CONDITIONING PTE LTD,41 SENOKO DRIVE,758249 north,15,LOCAL SUPPLIERS,OTHER VENDOR,CASH,Y,NULL,NULL
USVM0002,MANDAI LINK LOGISTICS PTE. LTD.,"2 MANDAI LINK,",728664 north,15,LOCAL SUPPLIERS,OTHER VENDOR,CASH,Y,NULL,NULL
USVM0003,MARSHALL CAVENDISH BUSINESS INFORMATION PTE LTD,"TIMES CENTRE,",536196 east,15,LOCAL SUPPLIERS,OTHER VENDOR,30 DAYS,Y,USVM0003,Y
USVM0004,MALAYAN DACHING CO PTE LTD,5 TANJONG PENJURU CRESCENT,NULL,15,LOCAL SUPPLIERS,OTHER VENDOR,30 DAYS,Y,USVM0004,Y
USVM0005,MEIZHUAN BUILDERS PTE LTD,NULL,608578,15,LOCAL SUPPLIERS,OTHER VENDOR,30 DAYS,Y,NULL,NULL
USVM0006,MEGA GAS ENTERPRISE PTE LTD,NULL,628407,15,LOCAL SUPPLIERS,OTHER VENDOR,30 DAYS,Y,USVM0006,Y
USVM0007,MAHMOOD GAZNAVI & PARTNERS,NULL,179098,15,LOCAL SUPPLIERS,OTHER VENDOR,CASH,Y,NULL,NULL
USVM0009,MULTIVAC PTE LTD,11 WOODLANDS CLOSE,NULL,15,LOCAL SUPPLIERS,OTHER VENDOR,30 DAYS,Y,USVM0009,Y
USVM0010,MEAT TRADERS ASSOCIATION (SINGPAPORE),NULL,SINGAPORE 079903,15,LOCAL SUPPLIERS,OTHER VENDOR,30 DAYS,Y,USVM0010,Y
USVM0011,MEXES CORPORATE SERVICES PTE LTD,NULL,SINAAGAPORE 760879,15,LOCAL SUPPLIERS,OTHER VENDOR,30 DAYS,Y,USVM0011,Y
USVM0012,MAY OFFICE DESIGN,NULL,NULL,15,LOCAL SUPPLIERS,OTHER VENDOR,30 DAYS,Y,USVM0012,Y
USVM0013,MITSUBISHI HC CAPITAL ASIA PACIFIC,NULL,238164,15,LOCAL SUPPLIERS,OTHER VENDOR,30 DAYS,Y,USVM0013,Y
USVM0014,MAERSK SINGAPORE PTE LTD,NULL,NULL,15,LOCAL SUPPLIERS,OTHER VENDOR,COD,Y,USVM0014,Y
USVM0015,MON_LYMOOD,NULL,NULL,NULL,NULL,OTHER VENDOR,30 DAYS,Y,USVM0015,Y
USVN0001,NATIONAL UNIVERSITY HOSPITAL (S) PTE LTD,"5 LOWER KENT RIDGE ROAD,",119074 west south,15,LOCAL SUPPLIERS,OTHER VENDOR,30 DAYS,Y,USVN0001,Y
USVN0002,NORSKER TRADING HOUSE PTE LTD,NULL,757087,15,LOCAL SUPPLIERS,OTHER VENDOR,CASH,Y,NULL,NULL
USVN0003,N-BOX SHIPPING (S) PTE LTD,171 TRANS STREET,SPORE 079025,15,LOCAL SUPPLIERS,OTHER VENDOR,30 DAYS,Y,NULL,NULL
USVN0004,NEO & COMPANY INSURANCE AGENCY PTE LTD,NULL,573969,15,LOCAL SUPPLIERS,OTHER VENDOR,CASH,Y,NULL,NULL
USVN0005,NAK TRADING AND SERVICES,NULL,416175,15,LOCAL SUPPLIERS,OTHER VENDOR,CASH,Y,USVN0005,Y
USVN0006,NEO GARDEN CATERING PTE LTD,NULL,SINGAPORE 629813,15,LOCAL SUPPLIERS,OTHER VENDOR,30 DAYS,Y,USVN0006,Y
USVN0007,NTUC INCOME INSURANCE CO-OPERATIVE LTD,NULL,NULL,15,LOCAL SUPPLIERS,OTHER VENDOR,30 DAYS,Y,USVN0007,Y
USVN0010,NG TENG FONG GENERAL HOSPITAL,NULL,SINGAPORE 609606,15,LOCAL SUPPLIERS,OTHER VENDOR,30 DAYS,Y,USVN0010,Y
USVO0001,OTHERS CREDITORS,OTHERS,NULL,15,LOCAL SUPPLIERS,OTHER VENDOR,CASH,Y,NULL,NULL
USVO0002,OCBC - AR FINANCING (NOT IN USE),NULL,NULL,15,LOCAL SUPPLIERS,OTHER VENDOR,CASH,Y,NULL,NULL
USVO0003,OSAKA ENTERPRISE,BLK 1200 DEPOT ROAD #07-10/11/12,109675 west,15,LOCAL SUPPLIERS,OTHER VENDOR,CASH,Y,NULL,NULL
USVO0004,OCS COURIER SERVICES PTE LTD,22 BOON LEAT TERRACE SINGAPORE,119863 west south,15,LOCAL SUPPLIERS,OTHER VENDOR,30 DAYS,Y,USVO0004,Y
USVO0005,OMNIMETRIC TECHNOLOGIES (S) PTE LTD,51 BUKIT BATOK CRESCENT,NULL,15,LOCAL SUPPLIERS,OTHER VENDOR,30 DAYS,Y,NULL,NULL
USVO0006,OCEAN NETWORK EXPRESS (SINGAPORE) PTE LTD,NULL,98499,15,LOCAL SUPPLIERS,OTHER VENDOR,30 DAYS,Y,NULL,NULL
USVO0007,OUTBOX RESOURCES PTE LTD,NULL,120501,15,LOCAL SUPPLIERS,OTHER VENDOR,30 DAYS,Y,USVO0007,Y
USVP0001,PAN OCEAN SINGAPORE PTE LTD (NT),220 PANDAN LOOP,128409 west,15,LOCAL SUPPLIERS,OTHER VENDOR,30 DAYS,Y,USVP0001,Y
USVP0002,PALACE RENO,-,NULL,15,LOCAL SUPPLIERS,OTHER VENDOR,CASH,Y,NULL,NULL
USVP0003,PSE SAFETY CORPORATION PTE LTD,48 MacTaggart Road #11-02,368088 east,15,LOCAL SUPPLIERS,OTHER VENDOR,CASH,Y,NULL,NULL
USVP0004,PENSEES SYSTEMS PTE LTD,NULL,138633,15,LOCAL SUPPLIERS,OTHER VENDOR,CASH,Y,USVP0004,Y
USVP0005,FIRST PREMIUM (S) PTE LTD,NULL,429100,15,LOCAL SUPPLIERS,OTHER VENDOR,COD,Y,USVP0005,Y
USVQ0001,QSS SAFETY PRODUCTS (S) PTE LTD,"BLK 802, FRENCH ROAD",200802 east,15,LOCAL SUPPLIERS,OTHER VENDOR,CASH,Y,NULL,NULL
USVQ0002,QBE INSURANCE,NULL,NULL,15,LOCAL SUPPLIERS,OTHER VENDOR,CASH,Y,NULL,NULL
USVR0001,REACHSTACK INDUSTRIAL SERVICES,BLK 808 FRENCH ROAD,200808 east,15,LOCAL SUPPLIERS,OTHER VENDOR,30 DAYS,Y,USVR0001,Y
USVR0002,ROCKBELL INTERNATIONAL SOFTWARE PTE LTD,18 BOON LAY WAY,609966 west,15,LOCAL SUPPLIERS,OTHER VENDOR,CASH,Y,NULL,NULL
USVR0003,RENTOKIL INITIAL SINGAPORE PTE LTD,16 & 18 JALAN MESIN,NULL,15,LOCAL SUPPLIERS,OTHER VENDOR,30 DAYS,Y,USVR0003,Y
USVR0004,1011 rfMS PTE LTD,NULL,NULL,15,LOCAL SUPPLIERS,OTHER VENDOR,30 DAYS,Y,NULL,NULL
USVR0005,RELIANCE SERVICE MANAGEMENT PTE LTD,NULL,619732,15,LOCAL SUPPLIERS,OTHER VENDOR,30 DAYS,Y,USVR0005,Y
USVR0006,RECRUIT.COM.SG PTE LTD,NULL,48619,15,LOCAL SUPPLIERS,OTHER VENDOR,30 DAYS,Y,USVR0006,Y
USVS0001,SINGAPORE NATIONAL EMPLOYERS FEDERATION,60 PAYA LEBAR RD,NULL,15,LOCAL SUPPLIERS,OTHER VENDOR,30 DAYS,Y,NULL,NULL
USVS0002,SYNTECH CHEMICALS PTE LTD,"2A SECOND CHIN BEE ROAD,",618781 west,15,LOCAL SUPPLIERS,OTHER VENDOR,30 DAYS,Y,USVS0002,Y
USVS0003,SPH (SINGAPORE PRESS HOLDINGS LIMITED),"1000 TOA PAYOH NORTH,",318994 north,15,LOCAL SUPPLIERS,OTHER VENDOR,CASH,Y,USVS0003,Y
USVS0004,SIN FOO HING BATTERY SERVICE,27A JURONG PORT ROAD,619101 west,15,LOCAL SUPPLIERS,OTHER VENDOR,30 DAYS,Y,USVS0004,Y
USVS0005,SPEEDO COMPUTER- FORMS PTE. LTD.,"123, PIONEER ROAD,",639596 west,15,LOCAL SUPPLIERS,OTHER VENDOR,CASH,Y,NULL,NULL
USVS0006,SCCIOB,47 HILL STREET #08-01,179365 central,15,LOCAL SUPPLIERS,OTHER VENDOR,CASH,Y,NULL,NULL
USVS0007,SETSCO SERVICES PTE LTD,18 TEBAN GARDENS CRESCENT,608925 west,15,LOCAL SUPPLIERS,OTHER VENDOR,30 DAYS,Y,USVS0007,Y
USVS0008,ST FREIGHT FORWARDING PTE LTD,NULL,NULL,15,LOCAL SUPPLIERS,OTHER VENDOR,30 DAYS,Y,NULL,NULL
USVS0009,S-CAM ELECTRONICS ENTERPRISE,"BLK 2022 BUKIT BATOK STREET 23, #02-128",659527 west,15,LOCAL SUPPLIERS,OTHER VENDOR,30 DAYS,Y,NULL,NULL
USVS0010,SOH KIM SENG ENGINEERING & TRADING PTE LTD,245 JALAN AHMAD IBRAHIM,629144 west,15,LOCAL SUPPLIERS,OTHER VENDOR,CASH,Y,NULL,NULL
USVS0011,SIN EE SHENG IMPORT & EXPORT,"299, CHANGI ROAD",419777 east,15,LOCAL SUPPLIERS,OTHER VENDOR,CASH,Y,USVS0011,Y
USVS0012,SINGAPORE FOOD MANUFACTURERS' ASSOCIATION,7 TEO HONG ROAD,088324 central,15,LOCAL SUPPLIERS,OTHER VENDOR,30 DAYS,Y,USVS0012,Y
USVS0013,SINGTEL,NULL,NULL,15,LOCAL SUPPLIERS,OTHER VENDOR,30 DAYS,Y,NULL,NULL
USVS0014,SYSTEMATIC AIRCONDITIONING & REFRIGERATION ENGINEERING,29 SENOKO WAY,NULL,15,LOCAL SUPPLIERS,OTHER VENDOR,30 DAYS,Y,NULL,NULL
USVS0015,SPACETECH COMPUTER MEDIA PTE LTD,51 TANNERY LANE,SPORE 347798,15,LOCAL SUPPLIERS,OTHER VENDOR,30 DAYS,Y,USVS0015,Y
USVS0016,SHARIKAT LOGISTICS PTE LTD,6 KWONG MIN RD,NULL,15,LOCAL SUPPLIERS,OTHER VENDOR,30 DAYS,Y,NULL,NULL
USVS0017,STAMFORD FLOWERS & GIFTS PTE LTD,7 HARRISON RD,NULL,15,LOCAL SUPPLIERS,OTHER VENDOR,30 DAYS,Y,NULL,NULL
USVS0018,SINGYI F&B PTE LTD,3 SOON LEE ST,NULL,15,LOCAL SUPPLIERS,TRADE VENDOR,30 DAYS,Y,USVS0018,Y
USVS0019,SOCOTEC CERTIFICATION SINGAPORE PTE LTD,60 ALBERT ST,NULL,15,LOCAL SUPPLIERS,OTHER VENDOR,30 DAYS,Y,USVS0019,Y
USVS0021,STORBEST-SSHK COLD LOGISTICS PTE LTD,12 FISHERY PORT ROAD,NULL,15,LOCAL SUPPLIERS,OTHER VENDOR,30 DAYS,Y,NULL,NULL
USVS0022,SUPPLY CHAIN AND LOGISTICS ACADEMY,NULL,648166,15,LOCAL SUPPLIERS,OTHER VENDOR,30 DAYS,Y,NULL,NULL
USVS0023,SKYLINE TRAVEL AND CONSULTING,NULL,NULL,15,LOCAL SUPPLIERS,OTHER VENDOR,CASH,Y,NULL,NULL
USVS0024,SUNSTAR EMPLOYMENT PTE LTD,NULL,SINGAPORE 609966,15,LOCAL SUPPLIERS,OTHER VENDOR,30 DAYS,Y,USVS0024,Y
USVS0025,SOLUTION PLASTICS PTE LTD,32 OLD TOH TUCK ROAD,597658,15,LOCAL SUPPLIERS,OTHER VENDOR,CASH,Y,USVS0025,Y
USVS0026,SP SERVICES LTD,NULL,SINGAPORE 912312,15,LOCAL SUPPLIERS,OTHER VENDOR,30 DAYS,Y,USVS0026,Y
USVS0027,SINGAPORE CENTRAL KITCHEN PTE LTD,NULL,389835,15,LOCAL SUPPLIERS,OTHER VENDOR,30 DAYS,Y,USVS0027,Y
USVS0028,SHUANG RONG PTE LTD,NULL,NULL,15,LOCAL SUPPLIERS,OTHER VENDOR,CASH,Y,NULL,NULL
USVS0029,NULL,137 CECIL STREET #09-08,SINGAPORE 069537,NULL,NULL,OTHER VENDOR,30 DAYS,Y,NULL,NULL
USVS0030,SHRI ACADEMY PTE LTD,137 CECIL STREET #08-08,SINGAPORE 069537,15,LOCAL SUPPLIERS,OTHER VENDOR,30 DAYS,Y,USVS0030,Y
USVS0031,SWEE SENG BROTHERS TRANSPORT CO,NULL,128384,15,LOCAL SUPPLIERS,OTHER VENDOR,30 DAYS,Y,USVS0031,Y
USVS0032,SURVEILLANCE ZONE,NULL,408564,15,LOCAL SUPPLIERS,OTHER VENDOR,30 DAYS,Y,USVS0032,Y
USVS0033,SINCE TRUST PRODUCTIONS PTE LTD,NULL,SINGAPORE 339943,15,LOCAL SUPPLIERS,OTHER VENDOR,30 DAYS,Y,USVS0033,Y
USVS0034,SEABRIDGE ENGINEERING SERVICES PTE LTD,NULL,768427,15,LOCAL SUPPLIERS,OTHER VENDOR,30 DAYS,Y,USVS0034,Y
USVS0035,SME FINANCIAL SERVICES PTE LTD,NULL,307780,15,LOCAL SUPPLIERS,OTHER VENDOR,30 DAYS,Y,USVS0035,Y
USVS0036,SAFEGUARD ECO-TECH PTE LTD,NULL,NULL,15,LOCAL SUPPLIERS,OTHER VENDOR,30 DAYS,Y,USVS0036,Y
USVS0037,SINGAPORE CUSTOM,NULL,NULL,15,LOCAL SUPPLIERS,OTHER VENDOR,30 DAYS,Y,NULL,NULL
USVS0038,STATS ASIA PACIFIC PTE LTD,NULL,608598,NULL,NULL,OTHER VENDOR,30 DAYS,Y,USVS0038,Y
USVT0001,TOPRINT COMPUTER SUPPLIES PTE LTD,69 LOYANG DRIVE,508958 east,15,LOCAL SUPPLIERS,OTHER VENDOR,CASH,Y,NULL,NULL
USVT0002,TRITRON DIGITAL & OFFICE SUPPLIES,BLK 2023 #04-90,659528 west,15,LOCAL SUPPLIERS,OTHER VENDOR,CASH,Y,NULL,NULL
USVT0004,TIAN AUTO REPAIR SERVICE,NULL,NULL,15,LOCAL SUPPLIERS,OTHER VENDOR,30 DAYS,Y,NULL,NULL
USVT0005,THRUST SUPPLY & SERVICE,5 SOON LEE STREET,NULL,15,LOCAL SUPPLIERS,OTHER VENDOR,CASH,Y,NULL,NULL
USVT0006,THE ULTIMATE PRINTER WORKSHOP,BLK 804 KING GEORGE'S AVE,NULL,15,LOCAL SUPPLIERS,OTHER VENDOR,30 DAYS,Y,NULL,NULL
USVT0007,T&L INDUSTRIES PTE LTD-NON TRADE,BLK 15 JLN TEPONG,SPORE 619336,15,LOCAL SUPPLIERS,OTHER VENDOR,30 DAYS,Y,USVT0007,Y
USVT0008,T&L INDUSTRIES PTE LTD-PROCESSING,3 SOON LEE STREET,NULL,15,LOCAL SUPPLIERS,OTHER VENDOR,30 DAYS,Y,USVT0008,Y
USVT0009,TAN INSURANCE BROKERS PTE LTD,3A/5A ALIWAL ST,NULL,15,LOCAL SUPPLIERS,OTHER VENDOR,CASH,Y,NULL,NULL
USVT0010,TREETOUCH PROJECT PTE LTD,NULL,NULL,15,LOCAL SUPPLIERS,OTHER VENDOR,30 DAYS,Y,NULL,NULL
USVT0011,TEOH & CO LLC,NULL,58358,15,LOCAL SUPPLIERS,OTHER VENDOR,CASH,Y,NULL,NULL
USVT0012,TWIN CITY AIR-CONDITIONING ENGINEERING,NULL,528840,15,LOCAL SUPPLIERS,OTHER VENDOR,CASH,Y,USVT0012,Y
USVT0013,TECK WEI CREDIT PTE LTD,210 TURF CLUB ROAD LOT A8,287995,15,LOCAL SUPPLIERS,OTHER VENDOR,30 DAYS,Y,NULL,NULL
USVT0014,THE SEAFOOD ESSENTIALS PTE LTD,NULL,NULL,15,LOCAL SUPPLIERS,OTHER VENDOR,CASH,Y,NULL,NULL
USVT0015,TDCC PTE LTD,NULL,SINGAPORE 609601,15,LOCAL SUPPLIERS,OTHER VENDOR,30 DAYS,Y,USVT0015,Y
USVT0036,TIAN SHENG LOGISTIC HUB,NULL,NULL,15,LOCAL SUPPLIERS,OTHER VENDOR,30 DAYS,Y,USVT0036,Y
USVU0001,U.S. GROUP CONSOLIDATOR (S) PTE LTD,"1 SOPHIA ROAD #05-08,",228149 central,15,LOCAL SUPPLIERS,OTHER VENDOR,CASH,Y,NULL,NULL
USVU0002,UNICO TOTAL SOLUTION PTE LTD,3 SOON LEE STREET #05-13,NULL,15,LOCAL SUPPLIERS,OTHER VENDOR,30 DAYS,Y,USVU0002,Y
USVU0003,UP SOLUTIONS PTE LTD,25 GENTING ROAD,349482,15,LOCAL SUPPLIERS,OTHER VENDOR,CASH,Y,USVU0003,Y
USVU0004,UNION POWER PTE LTD,NULL,SINGAPORE 349482,15,LOCAL SUPPLIERS,OTHER VENDOR,30 DAYS,Y,USVU0004,Y
USVU0005,U E ENGINEERING & CONSTRUCTION PTE LTD,NULL,NULL,15,LOCAL SUPPLIERS,OTHER VENDOR,30 DAYS,Y,NULL,NULL
USVU005,NULL,NULL,NULL,NULL,NULL,OTHER VENDOR,30 DAYS,Y,NULL,NULL
USVV0001,VENUS TECHNOLOGY (FE) PTE LTD,58 BENDEMEER ROAD,339937 east,15,LOCAL SUPPLIERS,OTHER VENDOR,CASH,Y,NULL,NULL
USVV0002,VG LINK PTE LTD,NULL,199589,15,LOCAL SUPPLIERS,OTHER VENDOR,CASH,Y,NULL,NULL
USVV0003,VCOOLTECH REFRIGERATION PTE LTD,NULL,SINGAPORE 418475,15,LOCAL SUPPLIERS,OTHER VENDOR,30 DAYS,Y,USVV0003,Y
USVV0004,VENTURE IT SOLUTIONS PTE LTD,NULL,NULL,15,LOCAL SUPPLIERS,OTHER VENDOR,30 DAYS,Y,USVV0004,Y
USVW0001,WEI LEE POLYTHENE,"BLK O, 105/103 PANDAN LOOP",128313 west,15,LOCAL SUPPLIERS,OTHER VENDOR,CASH,Y,NULL,NULL
USVW0002,WEIGHMAN PTE LTD,39 JALAN TEPONG,619347 west,15,LOCAL SUPPLIERS,OTHER VENDOR,30 DAYS,Y,NULL,NULL
USVW0003,WHITE PAPER COMMUNICATIONS PTE LTD,1001 JALAN BUKIT MERAH,NULL,15,LOCAL SUPPLIERS,OTHER VENDOR,CASH,Y,NULL,NULL
USVW0004,WLAW LLC,NULL,169770,15,LOCAL SUPPLIERS,OTHER VENDOR,30 DAYS,Y,NULL,NULL
USVY0001,Y L CHIN & CO.,6001 BEACH ROAD,199589 east,15,LOCAL SUPPLIERS,OTHER VENDOR,CASH,Y,USVY0001,Y
USVZ0001,Z.E. ENTERPRISE (S) PTE LTD,51 BUKIT BATOK CRESCENT,658077 west,15,LOCAL SUPPLIERS,OTHER VENDOR,30 DAYS,Y,USVZ0001,Y
USVZ0002,ZHENG FA TRADING PTE LTD,NULL,339703,15,LOCAL SUPPLIERS,OTHER VENDOR,30 DAYS,Y,USVZ0002,Y
USVZ0003,ZURICH INSURANCE COMPANY LTD (SINGAPORE BRANCH),NULL,Singapore 048623,15,LOCAL SUPPLIERS,OTHER VENDOR,30 DAYS,Y,NULL,NULL
UVA0001,ANGLISS SINGAPORE PTE LTD,232 pandan loop,128420 west,15,LOCAL SUPPLIERS,TRADE VENDOR,30 DAYS,Y,UVA0001,Y
UVA0002,ALL BIG FROZEN FOOD PTE LTD,NO. 1 SENOKO AVENUE,758297 north,15,LOCAL SUPPLIERS,TRADE VENDOR,30 DAYS,Y,UVA0002,Y
UVA0003,ANG KEE FISH MERCHANT PTE LTD,257 PANDAN LOOP,128434 west,15,LOCAL SUPPLIERS,TRADE VENDOR,30 DAYS,Y,UVA0003,Y
UVA0004,ARCO MARKETING PTE LTD,15 JALAN TEPONG,west,15,LOCAL SUPPLIERS,TRADE VENDOR,CASH,Y,UVA0004,Y
UVA0005,ADAM HALAL (S) PRIVATE LIMITED,8 KAKI BUKIT ROAD 2,east,15,LOCAL SUPPLIERS,TRADE VENDOR,CASH,Y,NULL,NULL
UVA0006,AOYAMA FOOD TRADING PTE LTD,203A HENDERSON ROAD,159546 west,15,LOCAL SUPPLIERS,TRADE VENDOR,CASH,Y,NULL,NULL
UVA0007,AIK SENG SEAFOOD ENTERPRISE,15 TUAS BAY WALK,637760 west,15,LOCAL SUPPLIERS,TRADE VENDOR,CASH,Y,NULL,NULL
UVA0008,AURIC PACIFIC MARKETING PTE LTD,2 ENTERPRISE ROAD,629814,15,LOCAL SUPPLIERS,TRADE VENDOR,CASH,Y,NULL,NULL
UVA0009,ANN TAT FROZEN FOOD TRADING,15 JALAN TEPONG,NULL,15,LOCAL SUPPLIERS,TRADE VENDOR,30 DAYS,Y,UVA0009,Y
UVA0010,ASIA PACIFIC OCEAN FROZEN FOOD PRODUCTS,"NO 28A , LORONG 28,",398432 east,15,LOCAL SUPPLIERS,TRADE VENDOR,CASH,Y,NULL,NULL
UVA0011,ANG K E TRADING,30 ALEXANDRA LANE #02-49,119982 south,15,LOCAL SUPPLIERS,TRADE VENDOR,CASH,Y,NULL,NULL
UVA0012,AH BEE FROZEN FOOD,NULL,NULL,15,LOCAL SUPPLIERS,TRADE VENDOR,CASH,Y,UVA0012,Y
UVA0013,AFCO EAST PTE LTD,9 JALAN TEPONG,619327 west,15,LOCAL SUPPLIERS,TRADE VENDOR,30 DAYS,Y,UVA0013,Y
UVA0014,ASIA OCEAN PACIFIC (S) PTE LTD,31 FISHERY PORT COLDROOM 5,619741 west,15,LOCAL SUPPLIERS,TRADE VENDOR,30 DAYS,Y,NULL,NULL
UVA0015,ALPAQ FOOD TRADING,NO 15 JALAN TEPONG,west,15,LOCAL SUPPLIERS,OTHER VENDOR,30 DAYS,Y,NULL,NULL
UVA0016,ALPAQ SEAFOOD PROCESSING PTE LTD,NO 15 JALAN TEPONG,west,15,LOCAL SUPPLIERS,TRADE VENDOR,30 DAYS,Y,NULL,NULL
UVA0017,ARGENTRADE INTERNATIONAL  B.V,VEERHAVEN 4,west,15,LOCAL SUPPLIERS,TRADE VENDOR,30 DAYS,Y,UVA0017,Y
UVA0018,AJC INTERNATIONAL,1000 ABERNATHY ROAD NE,west,14,OVERSEAS SUPPLIERS,TRADE VENDOR,30 DAYS,Y,UVA0018,Y
UVA0019,AMAX FOODS PTE LTD,110 LENGKONG TIGA,NULL,15,LOCAL SUPPLIERS,TRADE VENDOR,30 DAYS,Y,UVA0019,Y
UVA0020,ACE FOOD SERVICES,"2,YISHUN INDUSTRIAL",NULL,15,LOCAL SUPPLIERS,TRADE VENDOR,CASH,Y,NULL,NULL
UVA0021,AH PENG FISH FOOD SUPPLIER PTE LTD,BLK 3017 BEDOK NORTH STREET 5,NULL,15,LOCAL SUPPLIERS,TRADE VENDOR,30 DAYS,Y,UVA0021,Y
UVA0022,ALLIANCE DIVINE IMPEX PTE LTD,#06-26 FOOD XCHANGE,NULL,15,LOCAL SUPPLIERS,TRADE VENDOR,30 DAYS,Y,UVA0022,Y
UVA0023,ALLBEST GLOBAL MARKETNG,NO 9 FOSHERY PORT ROAD,NULL,15,LOCAL SUPPLIERS,TRADE VENDOR,CASH,Y,NULL,NULL
UVA0024,ALTERNATIVE SELECTION PTE LTD,100G PASIR PANJANG ROAD,NULL,15,LOCAL SUPPLIERS,TRADE VENDOR,30 DAYS,Y,NULL,NULL
UVA0025,ADL IMPORT & EXPORT 2009,"109,35 FISHERY PORT ROAD",NULL,15,LOCAL SUPPLIERS,TRADE VENDOR,30 DAYS,Y,NULL,NULL
UVA0026,AUSTIN HOLDING LIMITED,NULL,NULL,15,LOCAL SUPPLIERS,TRADE VENDOR,CASH,Y,NULL,NULL
UVA0027,AWANO FOOD GROUP PTE LTD,81 UBI AVE 4,NULL,15,LOCAL SUPPLIERS,TRADE VENDOR,CASH,Y,NULL,NULL
UVA0028,AYAMO INTERNATIONAL LIMITED,PO BOX DUBAI UNITED ARAB ENIRATES,NULL,14,OVERSEAS SUPPLIERS,TRADE VENDOR,30 DAYS,Y,UVA0028,Y
UVA0029,AGRIFOODS DISTRIBUTORS,NULL,NULL,14,OVERSEAS SUPPLIERS,TRADE VENDOR,CASH,Y,NULL,NULL
UVA0030,AH TECK (TNL),NULL,NULL,15,LOCAL SUPPLIERS,TRADE VENDOR,CASH,Y,UVA0030,Y
UVA0031,ADIRECT SINGAPORE PTE LTD,NULL,757437,15,LOCAL SUPPLIERS,TRADE VENDOR,CASH,Y,NULL,NULL
UVA0032,ANG TIAN HOCK TRADING PTE LTD,NULL,619336,15,LOCAL SUPPLIERS,OTHER VENDOR,CASH,Y,NULL,NULL
UVA0033,ANG'S FAMILY FOOD ENTERPRISE,NULL,728654,15,LOCAL SUPPLIERS,TRADE VENDOR,30 DAYS,Y,NULL,NULL
UVA0034,AH HUA KELONG,NULL,189248,15,LOCAL SUPPLIERS,TRADE VENDOR,CASH,Y,NULL,NULL
UVA0035,ALLIANCE FROZEN FOOD PTE LTD,NULL,SPORE 619336,15,LOCAL SUPPLIERS,TRADE VENDOR,30 DAYS,Y,UVA0035,Y
UVA0036,AGROMAX FOOD DMCC,NULL,NULL,14,OVERSEAS SUPPLIERS,TRADE VENDOR,30 DAYS,Y,UVA0036,Y
UVA0037,AJ OASIS INC PTE LTD,NULL,NULL,15,LOCAL SUPPLIERS,OTHER VENDOR,30 DAYS,Y,UVA0037,Y
UVB0001,BEE GUAN CHAN FOOD SUPPLIER,22 woodlands terrace,738447 north,15,LOCAL SUPPLIERS,TRADE VENDOR,CASH,Y,NULL,NULL
UVB0002,BEST ONE FOOD PRODUCTS PTE LTD,207A pandan loop,128399 west,15,LOCAL SUPPLIERS,TRADE VENDOR,CASH,Y,NULL,NULL
UVB0003,BH FRESH FOOD PTE LTD,6 chin bee crescent,619892 west,15,LOCAL SUPPLIERS,TRADE VENDOR,CASH,Y,NULL,NULL
UVB0004,BOM BOM FOOD MANUFACTURING PTE LTD,24 Senoko South Road,758098 north,15,LOCAL SUPPLIERS,TRADE VENDOR,CASH,Y,NULL,NULL
UVB0005,BAN TECK HAN ENTERPRISE CO PTE LTD,21 SERANGOON NORTH AVE 5,554864 north east,15,LOCAL SUPPLIERS,TRADE VENDOR,CASH,Y,UVB0005,Y
UVB0006,BEN FOODS (S) PTE LTD,"1 FISHERY PORT ROAD ,",619729 west,15,LOCAL SUPPLIERS,TRADE VENDOR,30 DAYS,Y,UVB0006,Y
UVB0007,BINH LONG COMPANY LIMITED,"LOT E,BINH LONG INDUUSTRIAL PARK",NULL,14,OVERSEAS SUPPLIERS,TRADE VENDOR,CASH,Y,NULL,NULL
UVB0008,BOONG POULTRY PTE LTD,NO 4 SENOKO WAY,758028 north,15,LOCAL SUPPLIERS,TRADE VENDOR,30 DAYS,Y,UVB0008,Y
UVB0009,BOENG TRADING PTE LTD,NO 9 FISHERY PORT ROAD,NULL,15,LOCAL SUPPLIERS,TRADE VENDOR,CASH,Y,NULL,NULL
UVB0010,BEST HERBS TRADING PTE LTD,NULL,NULL,15,LOCAL SUPPLIERS,TRADE VENDOR,CASH,Y,NULL,NULL
UVB0011,BOON TECK SEAFOOD TRADING,BLK 872 WOODLANDS ST 81,NULL,15,LOCAL SUPPLIERS,TRADE VENDOR,CASH,Y,NULL,NULL
UVB0012,BOONG FOOD PTE LTD,NO 4 SENOKO WAY,758028 north,15,LOCAL SUPPLIERS,TRADE VENDOR,30 DAYS,Y,NULL,NULL
UVB0013,BLUE OCEAN TRADING CO LIMITED,NULL,NULL,14,OVERSEAS SUPPLIERS,TRADE VENDOR,30 DAYS,Y,NULL,NULL
UVB0014,BEAN CITY FOODSTUFF PTE LTD,8A ADMIRALTY STREET #03-40,NULL,15,LOCAL SUPPLIERS,TRADE VENDOR,CASH,Y,UVB0014,Y
UVB0015,BBQ HOUSE SINGAPORE PTE LTD,3017 BEDOK NORTH STREET 5,NULL,15,LOCAL SUPPLIERS,TRADE VENDOR,30 DAYS,Y,NULL,NULL
UVB0016,BANLI TRADING PTE LTD,35 SELEGIE ROAD #10-28,NULL,15,LOCAL SUPPLIERS,TRADE VENDOR,CASH,Y,NULL,NULL
UVB0017,BLU FISHERIES PTE LTD,66 TANNERY LANE #02-03,NULL,15,LOCAL SUPPLIERS,TRADE VENDOR,30 DAYS,Y,UVB0017,Y
UVB0018,BLUE LAGOON PRODUCTS (PTE) LTD,NULL,NULL,15,LOCAL SUPPLIERS,TRADE VENDOR,30 DAYS,Y,NULL,NULL
UVB0019,BLU VENTURES PTE LTD,NULL,NULL,15,LOCAL SUPPLIERS,TRADE VENDOR,30 DAYS,Y,UVB0019,Y
UVB0020,BTL FOOD TRADING PTE LTD,NULL,NULL,15,LOCAL SUPPLIERS,TRADE VENDOR,30 DAYS,Y,UVB0020,Y
UVB0021,BEAN CULTURE PTE LTD,NULL,NULL,15,LOCAL SUPPLIERS,TRADE VENDOR,30 DAYS,Y,UVB0021,Y
UVB0022,BHF PTE LTD,NULL,NULL,15,LOCAL SUPPLIERS,TRADE VENDOR,30 DAYS,Y,NULL,NULL
UVB0023,BRANWOOD MARKETING PTE LTD,NULL,NULL,15,LOCAL SUPPLIERS,TRADE VENDOR,30 DAYS,Y,UVB0023,Y
UVB0024,BRF GLOBAL GMBH,NULL,NULL,14,OVERSEAS SUPPLIERS,TRADE VENDOR,30 DAYS,Y,UVB0024,Y
UVB0025,BIG HOCKEY MANUFACTURING & FOOD PROCESSING PTE LTD,NULL,SPORE 619730,15,LOCAL SUPPLIERS,TRADE VENDOR,30 DAYS,Y,UVB0025,Y
UVC0001,CASH SUPPLIER (NON-GST),CASH,NULL,15,LOCAL SUPPLIERS,TRADE VENDOR,CASH,Y,UVC0001,Y
UVC0002,HY CASH SUPPLIER (NON-GST),-,NULL,15,LOCAL SUPPLIERS,TRADE VENDOR,CASH,Y,UVC0002,Y
UVC0003,CMM MARKETING MANAGEMENT PTE LTD,3000 MARSILING ROAD,739108 north,15,LOCAL SUPPLIERS,TRADE VENDOR,CASH,Y,UVC0003,Y
UVC0004,CITY CROWN INTERNATIONAL PTE LTD,"NO 1 ,UBI CRESCENT ,",408563 east,15,LOCAL SUPPLIERS,TRADE VENDOR,CASH,Y,NULL,NULL
UVC0005,CHENG FATT FROZEN FOOD,11 PASIR RIS FARMWAY 1,519355 east,15,LOCAL SUPPLIERS,TRADE VENDOR,CASH,Y,NULL,NULL
UVC0006,CREMELAND SUPPLIES LLP,BLK 1007 ALJUNIED AVE 4,389908 east,15,LOCAL SUPPLIERS,TRADE VENDOR,CASH,Y,NULL,NULL
UVC0007,CG FOOD PTE LTD,15 ENTERPRISE ROAD,629826 west,15,LOCAL SUPPLIERS,TRADE VENDOR,CASH,N,NULL,NULL
UVC0008,CS TAY FOODS PTE LTD,64 WOODLANDS TERRACE,738468 north,15,LOCAL SUPPLIERS,TRADE VENDOR,30 DAYS,Y,UVC0008,Y
UVC0009,CHENG FROZEN FOOD,BLK 320 SHUN FU ROAD #01-11,570320 central,15,LOCAL SUPPLIERS,TRADE VENDOR,CASH,Y,NULL,NULL
UVC0010,CHYE CHOON MARKETING & DISTRIBUTIONS PTE LTD,34 DEFU LANE 3,539451 north east,15,LOCAL SUPPLIERS,TRADE VENDOR,CASH,Y,NULL,NULL
UVC0011,CHIP HONG FARM PRODUCT,NO 14 WOODLANDS TERRACE,738439 north,15,LOCAL SUPPLIERS,TRADE VENDOR,30 DAYS,Y,UVC0011,Y
UVC0012,CHOON HEE PORK,BLK 501 WEST COAST DRIVE,west,15,LOCAL SUPPLIERS,TRADE VENDOR,CASH,Y,NULL,NULL
UVC0013,CHUNG SIAN VEGETARIAN FOOD TRADING,NO 9 JALAN TEPONG,619327 west,15,LOCAL SUPPLIERS,TRADE VENDOR,CASH,Y,NULL,NULL
UVC0014,COSS FOOD MARKETING PTE LTD,10 ADMIRALTY STREET #04-89,757695 north,15,LOCAL SUPPLIERS,TRADE VENDOR,CASH,Y,UVC0014,Y
UVC0015,CASH SUPPLIER (GST),CASH,NULL,15,LOCAL SUPPLIERS,TRADE VENDOR,CASH,Y,UVC0015,Y
UVC0016,CHOO KWEE HIANG FROZEN MEAT,37 KALLANG PUDDING ROAD,NULL,15,LOCAL SUPPLIERS,TRADE VENDOR,30 DAYS,Y,NULL,NULL
UVC0017,CITY SATAY FOOD INDUSTRIES PTE LTD,BLK 3017 BEDOK NORTH STREET 5,NULL,15,LOCAL SUPPLIERS,TRADE VENDOR,30 DAYS,Y,UVC0017,Y
UVC0018,CFOOD GOURMET PTE LTD,21 TOH GUAN ROAD EAST,NULL,15,LOCAL SUPPLIERS,TRADE VENDOR,30 DAYS,Y,NULL,NULL
UVC0019,CHENG CHUA TRADING,BLK 202 CHOA CHU KANG AVE 1,NULL,15,LOCAL SUPPLIERS,TRADE VENDOR,30 DAYS,Y,NULL,NULL
UVC0020,CHIP HONG (PIN SIN) FISHERY,"RM 109,35,FISHERY PORT ROAD SPORE 619742",NULL,15,LOCAL SUPPLIERS,TRADE VENDOR,30 DAYS,Y,UVC0020,Y
UVC0021,CHYE YAM SENG,BLK 3017 BEDOK NORTH STREET 5,NULL,15,LOCAL SUPPLIERS,TRADE VENDOR,CASH,Y,NULL,NULL
UVC0022,CO MAY IMPORT AND EXPORT COMPANY LIMITED,LOT 8-9-10 SONG HAU INDUSTRIAL ZONE,NULL,14,OVERSEAS SUPPLIERS,TRADE VENDOR,30 DAYS,Y,NULL,NULL
UVC0023,XXXXXXXXX VIET TECHNICAL SOLUTION JSC,61/20 STREET NO.23 HIEP BONH CHANH WARD,NULL,14,OVERSEAS SUPPLIERS,TRADE VENDOR,CASH,Y,NULL,NULL
UVC0024,CHUAN HONG SENG PTE LTD,48 TOH GUAN ROAD EAST,NULL,15,LOCAL SUPPLIERS,TRADE VENDOR,CASH,Y,NULL,NULL
UVC0025,CHEE SONG FOODS PTE LTD,NO 4 JALAN MASJID,NULL,15,LOCAL SUPPLIERS,TRADE VENDOR,30 DAYS,Y,UVC0025,Y
UVC0026,CARTRACK TECHNOLOGIES SOUTH EAST ASIA PTE LTD,2 ALJUNIED AVE 1 #06-11,NULL,15,LOCAL SUPPLIERS,OTHER VENDOR,30 DAYS,Y,UVC0026,Y
UVC0027,CADOVIMEX ll SEAFOOD IMPORT-EXPORT &,"LOT lll - 8 , AREA C,SA DEC INDUSTRIAL ZONE , DONG THAP",NULL,14,OVERSEAS SUPPLIERS,TRADE VENDOR,30 DAYS,Y,NULL,NULL
UVC0028,CHANG SEAFOOD TRADING,NULL,728654,15,LOCAL SUPPLIERS,TRADE VENDOR,30 DAYS,Y,NULL,NULL
UVC0029,CLASSIC FINE FOODS (S) PTE LTD,NULL,619858,15,LOCAL SUPPLIERS,TRADE VENDOR,CASH,Y,UVC0029,Y
UVC0030,CHUN CHENG FISHERY ENTERPRISE PTE LTD,NULL,619729,15,LOCAL SUPPLIERS,TRADE VENDOR,CASH,Y,UVC0030,Y
UVC0031,COLOUR CREATIVE PTE LTD,NULL,NULL,15,LOCAL SUPPLIERS,OTHER VENDOR,CASH,Y,NULL,NULL
UVC0032,CHUNG HWA FOOD INDUSTRIES PTE LTD,NULL,486121,15,LOCAL SUPPLIERS,TRADE VENDOR,CASH,Y,UVC0032,Y
UVC0033,CECILIA MINCED & DRIED PORK FOOD TRADING,NULL,738322,15,LOCAL SUPPLIERS,TRADE VENDOR,30 DAYS,Y,NULL,NULL
UVC0034,CP FOODS SINGAPORE PTE LTD,NULL,409839,15,LOCAL SUPPLIERS,TRADE VENDOR,30 DAYS,Y,UVC0034,Y
UVC0035,TECK CASH SUPPLIER (NON-GST),CASH,NULL,15,LOCAL SUPPLIERS,TRADE VENDOR,CASH,Y,UVC0035,Y
UVC0036,C.K.H FOOD TRADING PTE LTD,NULL,NULL,15,LOCAL SUPPLIERS,TRADE VENDOR,30 DAYS,Y,UVC0036,Y
UVC0037,CHIN GUAN HONG (SINGAPORE) PTE LTD,NULL,NULL,15,LOCAL SUPPLIERS,TRADE VENDOR,30 DAYS,Y,UVC0037,Y
UVC0038,CELESTIAL VENTURES SDN BHD,NULL,NULL,14,OVERSEAS SUPPLIERS,TRADE VENDOR,30 DAYS,Y,UVC0038,Y
UVC0039,CHUN LEI TRADING PTE LTD,NULL,NULL,15,LOCAL SUPPLIERS,TRADE VENDOR,30 DAYS,Y,UVC0039,Y
UVC0040,CHINA EXPORT GROUP PTE LTD,NULL,SPORE 110016,15,LOCAL SUPPLIERS,TRADE VENDOR,30 DAYS,Y,UVC0040,Y
UVD0001,DCH AURIGA (SINGAPORE),10 RAEBURN PARK,NULL,15,LOCAL SUPPLIERS,TRADE VENDOR,30 DAYS,Y,UVD0001,Y
UVD0002,DOUBLE INVESTMENT PTE LTD,71 BUKIT BATOK CRESCENT,658071 west,15,LOCAL SUPPLIERS,TRADE VENDOR,CASH,Y,NULL,NULL
UVD0003,DES FOOD MANUFACTURING PTE LTD,NO 22 SENOKO SOUTH ROAD,758086 north,15,LOCAL SUPPLIERS,TRADE VENDOR,CASH,Y,NULL,NULL
UVD0004,DEEP BLUE SEA (SINGAPORE) PTE lTD,11 CHIN BEE DRIVE,619745 west,15,LOCAL SUPPLIERS,TRADE VENDOR,30 DAYS,Y,UVD0004,Y
UVD0005,D.A.FOODS INDUSTRIES PTE LTD,NO 16 SENOKO WAY,758038  north,15,LOCAL SUPPLIERS,TRADE VENDOR,CASH,Y,UVD0005,Y
UVD0006,DONG THANH HUANG PRIVATE CO.,119A TRAN QUY CAP STR,NULL,14,OVERSEAS SUPPLIERS,OTHER VENDOR,30 DAYS,Y,NULL,NULL
UVD0007,DE CHENG XIN XING TRADING PTE LTD,775 GEYLANG BAHRU,east,15,LOCAL SUPPLIERS,TRADE VENDOR,CASH,Y,NULL,NULL
UVD0008,"DANDONG HUAYI FOODSTUFF CO.,LTD",NULL,NULL,14,OVERSEAS SUPPLIERS,TRADE VENDOR,30 DAYS,Y,NULL,NULL
UVD0009,DIAN HUANG ENTERPRISE PTE LTD,BLK 15 WOODLANDS LOOP #01-11,NULL,15,LOCAL SUPPLIERS,TRADE VENDOR,CASH,Y,NULL,NULL
UVD0010,"DANDONG GRAND OCEAN FOODS CO.,LTD","XINAN VILLAGE,QIANYANG TOWN,DONGGANG CITY",NULL,14,OVERSEAS SUPPLIERS,TRADE VENDOR,30 DAYS,Y,NULL,NULL
UVD0011,DOUBLE CHIN FOOD SERVICES PTE LTD,??????????,NULL,15,LOCAL SUPPLIERS,TRADE VENDOR,CASH,Y,NULL,NULL
UVD0012,"DALIAN HAOHAI FOODS CO.,LTD",NULL,LIAONING PROVINCE,14,OVERSEAS SUPPLIERS,OTHER VENDOR,30 DAYS,Y,NULL,NULL
UVD0013,DOLFORD FOOD MANUFACTURING PTE LTD,NULL,757437,15,LOCAL SUPPLIERS,TRADE VENDOR,CASH,Y,UVD0013,Y
UVE0001,EASTERN HARVEST FOODS (S) PTE LTD,5 JALAN TEPONG,619741 west,15,LOCAL SUPPLIERS,TRADE VENDOR,30 DAYS,Y,UVE0001,Y
UVE0002,E FROZEN FOOD PTE LTD,No. 9 Defu Lane 2,539467 north east,15,LOCAL SUPPLIERS,TRADE VENDOR,CASH,Y,NULL,NULL
UVE0003,ENG SOON HENG TRADING PTE LTD,NO 3 WOODLANDS INDUSTRIAL PARK E1,757726 north,15,LOCAL SUPPLIERS,TRADE VENDOR,CASH,Y,NULL,NULL
UVE0004,ER MARKETING <S> PTE LTD,6A SENOKO SOUTH ROAD,758092 north,15,LOCAL SUPPLIERS,TRADE VENDOR,CASH,Y,NULL,NULL
UVE0005,ED'S FROZEN ENTERPRISE,NO 9 DEFU LANE 2,539467 north east,15,LOCAL SUPPLIERS,TRADE VENDOR,CASH,Y,NULL,NULL
UVE0006,EVERWIN GLOBAL PTE LTD,OFFICE: 151 CHIN SWEE ROAD #02-09,619336 west,15,LOCAL SUPPLIERS,TRADE VENDOR,CASH,Y,NULL,NULL
UVE0007,ELLAZIQ PTE LTD,30 SENOKO SOUTH ROAD,758088 north,15,LOCAL SUPPLIERS,TRADE VENDOR,30 DAYS,Y,UVE0007,Y
UVE0008,EURACO FINEFOOD PTE LTD,219 HENDERSON ROAD,159556 south,15,LOCAL SUPPLIERS,TRADE VENDOR,30 DAYS,Y,UVE0008,Y
UVE0009,EN FROZEN PTE LTD,NULL,NULL,15,LOCAL SUPPLIERS,TRADE VENDOR,CASH,Y,NULL,NULL
UVE0010,EASY BUY PTE LTD,32 QUALITY ROAD,NULL,15,LOCAL SUPPLIERS,TRADE VENDOR,30 DAYS,Y,UVE0010,Y
UVE0011,EURASIA FOOD SUPPLY PTE LTD,NULL,638411,15,LOCAL SUPPLIERS,TRADE VENDOR,30 DAYS,Y,UVE0011,Y
UVE0012,EMERGING SUCCESS PTE LTD,31 FISHERY PORT ROAD,NULL,15,LOCAL SUPPLIERS,TRADE VENDOR,30 DAYS,Y,UVE0012,Y
UVE0013,EVERGREEN WASTE MANAGEMENT PTE LTD,8 TUAS AVENUE 10,NULL,15,LOCAL SUPPLIERS,OTHER VENDOR,CASH,Y,NULL,NULL
UVE0014,EZUMO GLOBAL TRADING PTE LTD,NULL,368088,15,LOCAL SUPPLIERS,TRADE VENDOR,CASH,Y,NULL,NULL
UVE0015,E-DESSERT PTE LTD,NULL,339420,15,LOCAL SUPPLIERS,TRADE VENDOR,CASH,Y,NULL,NULL
UVE0016,EAT & SMILE FOODIEST SINGAPORE PTE LTD,NULL,79903,15,LOCAL SUPPLIERS,TRADE VENDOR,CASH,Y,NULL,NULL
UVE0017,EBARA SINGAPORE PTE LTD,NULL,555859,15,LOCAL SUPPLIERS,TRADE VENDOR,CASH,Y,UVE0017,Y
UVE0018,E-GO (SINGAPORE) TRADING PTE LTD,NULL,641673,15,LOCAL SUPPLIERS,TRADE VENDOR,CASH,Y,NULL,NULL
UVE0019,ELRICA PTE LTD,NULL,NULL,15,LOCAL SUPPLIERS,TRADE VENDOR,CASH,Y,UVE0019,Y
UVF0001,FAST FROZEN FOOD,5 TUAS BAY WALK,637755 west,15,LOCAL SUPPLIERS,TRADE VENDOR,CASH,Y,NULL,NULL
UVF0002,FONG EE INDUSTRIAL PTE LTD,3 KALLANG WAY 2A,347493 east,15,LOCAL SUPPLIERS,TRADE VENDOR,CASH,Y,NULL,NULL
UVF0003,FORTUNE FOOD MARKETING PTE LTD,348 JALAN BOON LAY,619529 west,15,LOCAL SUPPLIERS,TRADE VENDOR,CASH,Y,NULL,NULL
UVF0004,FASSLER GOURMET PTE LTD,46 WOODLANDS TERRACE,738459 north,15,LOCAL SUPPLIERS,TRADE VENDOR,CASH,Y,NULL,NULL
UVF0005,FOODPLEX TRADING PTE LTD,21 TUAS BAY WALK,637763west,15,LOCAL SUPPLIERS,TRADE VENDOR,CASH,Y,NULL,NULL
UVF0006,FAR OCEAN SEA PRODUCTS <PTE> LTD,15 FISHERY PORT ROAD,619735 west,15,LOCAL SUPPLIERS,TRADE VENDOR,30 DAYS,Y,NULL,NULL
UVF0007,FOOD LINE PTE LTD,8A ADMIRALTY STREET #01-03,757437 north,15,LOCAL SUPPLIERS,TRADE VENDOR,30 DAYS,Y,NULL,NULL
UVF0008,FRESH GOURMET,15 JALAN TEPONG,west,15,LOCAL SUPPLIERS,TRADE VENDOR,CASH,Y,NULL,NULL
UVF0009,FIRST OCEAN FOODS PTE LTD,NULL,NULL,15,LOCAL SUPPLIERS,TRADE VENDOR,30 DAYS,Y,NULL,NULL
UVF0010,FOODIES SOLUTIONS PTE LTD,SEJ FOOD HUB,west,15,LOCAL SUPPLIERS,TRADE VENDOR,CASH,Y,NULL,NULL
UVF0011,FOODNET CONSULTANTS PTE LTD,NULL,NULL,15,LOCAL SUPPLIERS,OTHER VENDOR,30 DAYS,Y,NULL,NULL
UVF0012,FORTUNE IMPEX PTE LTD,19 TUAS BAY WALK,NULL,15,LOCAL SUPPLIERS,TRADE VENDOR,CASH,Y,NULL,NULL
UVF0013,FU SHENG FISHBALL PTE LTD,257 PANDAN LOOP,NULL,15,LOCAL SUPPLIERS,TRADE VENDOR,CASH,Y,NULL,NULL
UVF0014,FOODSTUFFS SUPPLY PTE LTD,15 JALAN TEPONG #02-03,NULL,15,LOCAL SUPPLIERS,TRADE VENDOR,CASH,Y,NULL,NULL
UVF0015,"FUQING XINGANG SEAFOOD CO.,LTD",JIANGYIN INDUSTRIAL ZONE,NULL,14,OVERSEAS SUPPLIERS,TRADE VENDOR,30 DAYS,Y,NULL,NULL
UVF0016,FMCG TRADING,7 TEMASEK BOULEVARD #12-07,NULL,15,LOCAL SUPPLIERS,TRADE VENDOR,CASH,Y,NULL,NULL
UVF0017,FOODPRIDE,1 SECOND CHIN BEE ROAD,NULL,15,LOCAL SUPPLIERS,TRADE VENDOR,30 DAYS,Y,UVF0017,Y
UVF0018,"FUJIAN WANHONG AQUATIC PRODUCT CO.,LTD",39 HUANG JIN MOUNTAIN,NULL,14,OVERSEAS SUPPLIERS,TRADE VENDOR,30 DAYS,Y,UVF0018,Y
UVF0019,FORTUNE I-KITCHEN,NULL,338814,15,LOCAL SUPPLIERS,TRADE VENDOR,30 DAYS,Y,NULL,NULL
UVF0020,"FUJIAN CHENGKE AQUATIC INDUSTRY CO.,LTD",NULL,NULL,14,OVERSEAS SUPPLIERS,TRADE VENDOR,30 DAYS,Y,NULL,NULL
UVF0021,FARMFOOD TRADING PTE LTD,NULL,NULL,14,OVERSEAS SUPPLIERS,TRADE VENDOR,30 DAYS,Y,UVF0021,Y
UVF0022,FOOD FRESH PTE LTD,NULL,NULL,15,LOCAL SUPPLIERS,OTHER VENDOR,30 DAYS,Y,NULL,NULL
UVF0023,FAR EAST GLOBAL INC LIMITED,"FLAT B5/F , 16-20 KO SHING STREET",NULL,15,LOCAL SUPPLIERS,TRADE VENDOR,30 DAYS,Y,UVF0023,Y
UVF0024,FIELDSEAS PTE LTD,22 CROSS STREET,48421,15,LOCAL SUPPLIERS,TRADE VENDOR,30 DAYS,Y,UVF0024,Y
UVF0025,FE SUPPLY PTE LTD,NULL,NULL,15,LOCAL SUPPLIERS,TRADE VENDOR,30 DAYS,Y,UVF0025,Y
UVF0026,FRESH NINE,196 PANDAN LLOP,128384,15,LOCAL SUPPLIERS,TRADE VENDOR,CASH,Y,UVF0026,Y
UVG0001,GOODCROP PTE LTD,5 BUROH LANE,618289 west,15,LOCAL SUPPLIERS,TRADE VENDOR,30 DAYS,Y,UVG0001,Y
UVG0002,GOLE FOODSTUFF PTE LTD,blk 21 #01-173 pandan loop,128367 west,15,LOCAL SUPPLIERS,TRADE VENDOR,CASH,Y,NULL,NULL
UVG0003,GRANDEUR CHOICE FOOD PROCESSING PTE LTD,BLK 3017 BEDOK NORTH,486121 east,15,LOCAL SUPPLIERS,TRADE VENDOR,30 DAYS,Y,NULL,NULL
UVG0004,GOH & LEE FOODSTUFF PTE LTD,50 WOODLANDS TERRACE,768461 north,15,LOCAL SUPPLIERS,TRADE VENDOR,CASH,Y,NULL,NULL
UVG0005,OTS INTERNATIONAL PTE LTD,30 SENOKO SOUTH ROAD,758088 north,15,LOCAL SUPPLIERS,TRADE VENDOR,30 DAYS,Y,UVG0005,Y
UVG0006,GUAN SENG COOKED FISH MERCHANT,BLK 3017 BEDOK NORTH STREET 5,486121 east,15,LOCAL SUPPLIERS,TRADE VENDOR,CASH,Y,UVG0006,Y
UVG0007,GOODCHOICE TRADING,NO.1 KAKI BUKIT ROAD 1,415934 east,15,LOCAL SUPPLIERS,TRADE VENDOR,CASH,Y,NULL,NULL
UVG0008,GRAND OCEAN SEAFOODS PTE LTD,15 WOODLANDS LOOP,north,15,LOCAL SUPPLIERS,TRADE VENDOR,30 DAYS,Y,NULL,NULL
UVG0010,GOURMET TRENDZ PTE LTD,30 ALEXANDRA LANE,NULL,15,LOCAL SUPPLIERS,TRADE VENDOR,30 DAYS,Y,NULL,NULL
UVG0011,"GROSMART EXPORT IMPORT CO.,LTD","13 LA,LE HONG PHONG STREET",NULL,14,OVERSEAS SUPPLIERS,TRADE VENDOR,30 DAYS,Y,NULL,NULL
UVG0012,INDOGUNA (SINGAPORE) PTE LTD,34/35/38 SENOKO DRIVE,NULL,15,LOCAL SUPPLIERS,TRADE VENDOR,CASH,Y,UVG0012,Y
UVG0013,GUANGDONG IMPORT & EXPORT PTE LTD,48 TOH GUAN ROAD EAST,NULL,15,LOCAL SUPPLIERS,TRADE VENDOR,CASH,Y,UVG0013,Y
UVG0014,GOLD OCEAN TRADING PTE,"348/58 HOANG VAN THU STR,WARD 4,TAN BINH DIST,",NULL,15,LOCAL SUPPLIERS,TRADE VENDOR,30 DAYS,Y,NULL,NULL
UVG0015,GREENHERB (SG) INVESTMENT COMPANY LTE,10 ANSON ROAD #31-10,NULL,15,LOCAL SUPPLIERS,TRADE VENDOR,CASH,Y,NULL,NULL
UVG0016,GOLD HOG SUPPLY PTE LTD,NO 197 PANDAN LOOP,NULL,15,LOCAL SUPPLIERS,TRADE VENDOR,30 DAYS,Y,UVG0016,Y
UVG0017,GOH SIONG TEE MARINE PRODUCT SDN BHD,NO 9 LORONG IKS SIMPANG AMPAT D,NULL,14,OVERSEAS SUPPLIERS,OTHER VENDOR,CASH,Y,NULL,NULL
UVG0018,GIM SIONG FOODS SUPPLY,15 JALAN TEPONG,NULL,15,LOCAL SUPPLIERS,OTHER VENDOR,CASH,Y,NULL,NULL
UVG0020,GEYLANG SENAI GROCERY LLP,1 GEYLANG SERAI #01-12,NULL,15,LOCAL SUPPLIERS,OTHER VENDOR,CASH,Y,NULL,NULL
UVG0021,GOURMET BREWERY PTE LTD,NULL,NULL,15,LOCAL SUPPLIERS,TRADE VENDOR,CASH,Y,NULL,NULL
UVG0022,GREAT SEATOWN LIMITED,NULL,WANCHAI,14,OVERSEAS SUPPLIERS,TRADE VENDOR,30 DAYS,Y,NULL,NULL
UVG0023,FOODXERVICES INC PTE LTD,NULL,128408,15,LOCAL SUPPLIERS,TRADE VENDOR,30 DAYS,Y,UVG0023,Y
UVG0024,GOING BLUE TRADING COMPANY LIMITED,FLAT/RM911,NULL,14,OVERSEAS SUPPLIERS,TRADE VENDOR,30 DAYS,Y,UVG0024,Y
UVG0025,GOURMET CHEFS PTE LTD,NULL,758086,15,LOCAL SUPPLIERS,TRADE VENDOR,30 DAYS,Y,UVG0025,Y
UVG0026,GURUME SG PTE LTD,NULL,NULL,15,LOCAL SUPPLIERS,TRADE VENDOR,30 DAYS,Y,UVG0026,Y
UVG0027,GPO MARKETING SDN BHD,NULL,NULL,14,OVERSEAS SUPPLIERS,TRADE VENDOR,30 DAYS,Y,UVG0027,Y
UVG009,GENERAL MEAT CORPORATION PTE LTD,6 FISHERY PORT ROAD,west,15,LOCAL SUPPLIERS,TRADE VENDOR,30 DAYS,Y,UVG009,Y
UVH0001,HEN TICK FOODS PTE LTD,25 chin bee road,619831,15,LOCAL SUPPLIERS,TRADE VENDOR,CASH,Y,NULL,NULL
UVH0002,HOE HUP,-,NULL,15,LOCAL SUPPLIERS,TRADE VENDOR,CASH,Y,NULL,NULL
UVH0003,HUP SENG HNG FOODSTUFF SUPPLIER,Blk 15 Woodlands Loop #04-52,738322,15,LOCAL SUPPLIERS,TRADE VENDOR,CASH,Y,UVH0003,Y
UVH0004,HA LI FA PTE LTD,257 PANDAN LOOP SINGAPORE 128434,128434,15,LOCAL SUPPLIERS,TRADE VENDOR,30 DAYS,Y,UVH0004,Y
UVH0005,HUA KUN FOOD INDUSTRY PTE LTD,197 PANDAN LOOP,128385,15,LOCAL SUPPLIERS,TRADE VENDOR,30 DAYS,Y,NULL,NULL
UVH0006,HOCK CHUAN HENG FARM,23 PANDAN LOOP,128241,15,LOCAL SUPPLIERS,TRADE VENDOR,CASH,Y,NULL,NULL
UVH0007,H.L.YONG COMPANY (PTE) LTD,43 JALAN PEMIMPIN,577192,15,LOCAL SUPPLIERS,TRADE VENDOR,CASH,Y,NULL,NULL
UVH0008,HEAP HENG LEONG TRADING,BLK 23 DEPOT LANE,109753,15,LOCAL SUPPLIERS,TRADE VENDOR,CASH,Y,NULL,NULL
UVH0009,HUA FOOD INDUSTRIES PTE LTD,220 PANDAN LOOP,128409,15,LOCAL SUPPLIERS,TRADE VENDOR,CASH,Y,NULL,NULL
UVH0010,HORIZON ASIA RESOURCES PTE LTD,76/78 KAKI BUKIT INDUSTRIAL TERRACE,416158,15,LOCAL SUPPLIERS,TRADE VENDOR,CASH,Y,NULL,NULL
UVH0011,HOMAY PRODUCTS PTE LTD,21 BUKIT BATOK CRESCENT,658065,15,LOCAL SUPPLIERS,TRADE VENDOR,CASH,Y,NULL,NULL
UVH0012,HUAN HONG TRADING PTE LTD,BLK 3017 BEDOK NORTH STREET 5,486121,15,LOCAL SUPPLIERS,TRADE VENDOR,CASH,Y,NULL,NULL
UVH0013,HAI SIA SEAFOOD PTE LTD,35A FISHERY PORT ROAD,619743,15,LOCAL SUPPLIERS,TRADE VENDOR,30 DAYS,Y,NULL,NULL
UVH0014,HUP PENG TRADING,9 DEFU LANE 2,539467,15,LOCAL SUPPLIERS,TRADE VENDOR,30 DAYS,N,NULL,NULL
UVH0015,"HAINAN ZHONGJI INDUSTRIAL AND TRADING CO.,LTD","RM 1816,CMIIC BUILDING",NULL,14,OVERSEAS SUPPLIERS,OTHER VENDOR,CASH,Y,NULL,NULL
UVH0016,HIEN PHUC THINH ONE MEMBER LIMITED LIABILITY COMPANY,404 LE HONG PHONG STREET,NULL,14,OVERSEAS SUPPLIERS,TRADE VENDOR,30 DAYS,Y,NULL,NULL
UVH0017,HUNGHAU DEVELOPMENT CORPORATION,1004A AU CO STR,NULL,14,OVERSEAS SUPPLIERS,TRADE VENDOR,30 DAYS,Y,NULL,NULL
UVH0018,HUP CHEONG ROASTED FOOD PTE LTD,BLK 15 WOODLANDS LOOP,NULL,15,LOCAL SUPPLIERS,TRADE VENDOR,CASH,Y,UVH0018,Y
UVH0019,HUP HENG POULTRY INDUSTRIES PTE LTD,NO 30 SENOKO CRESCENT,NULL,15,LOCAL SUPPLIERS,TRADE VENDOR,30 DAYS,Y,UVH0019,Y
UVH0020,HOCK SOON HUAT TRADING,15 JALAN TEPONG #06-03,NULL,15,LOCAL SUPPLIERS,TRADE VENDOR,CASH,Y,NULL,NULL
UVH0021,HEINRICH FOOD PTE LTD,MOHLENDYCK 11 47608 GELDERN,NULL,15,LOCAL SUPPLIERS,TRADE VENDOR,30 DAYS,Y,UVH0021,Y
UVH0022,HONG WUN PRIVATE LIMITED,BLK 1005 ALJUNIED AVE 5,NULL,14,OVERSEAS SUPPLIERS,TRADE VENDOR,CASH,Y,NULL,NULL
UVH0023,HOCK SIN FRESH AND FROZEN FOOD SUPPLIES SDN BHD,NO 6 & 8 JALAN SRI PURNAMA 2,NULL,14,OVERSEAS SUPPLIERS,TRADE VENDOR,CASH,Y,NULL,NULL
UVH0024,HELA SPICE SINGAPORE PTE LTD,45 JALAN PEMIMPIN #06-00,NULL,15,LOCAL SUPPLIERS,TRADE VENDOR,CASH,Y,UVH0024,Y
UVH0025,HOCK GUAN FOOD PTE LTD,15 JALAN TEPONG #06-09,NULL,15,LOCAL SUPPLIERS,TRADE VENDOR,CASH,Y,NULL,NULL
UVH0026,HENG GUAN FOOD INDUSTRIAL PTE LTD,38 WOODLANDS TERRACE,NULL,15,LOCAL SUPPLIERS,TRADE VENDOR,CASH,Y,UVH0026,Y
UVH0027,HS FUTURE HOPE SDN BHD,NO 6 & 6 JALAN SRI PURNAMA 2,NULL,14,OVERSEAS SUPPLIERS,TRADE VENDOR,CASH,Y,NULL,NULL
UVH0028,HENG KEE FOODS PTE LTD,NULL,738322,15,LOCAL SUPPLIERS,TRADE VENDOR,30 DAYS,Y,NULL,NULL
UVH0029,SUPER HI DINING,PAYAH LEBAR SQUARE,409051,15,LOCAL SUPPLIERS,TRADE VENDOR,30 DAYS,Y,UVH0029,Y
UVH0030,HUBER'S PTE LTD,NULL,128456,15,LOCAL SUPPLIERS,TRADE VENDOR,CASH,Y,UVH0030,Y
UVH0034,HENG EE FOODSTUFF SUPPLIES,NULL,658080,15,LOCAL SUPPLIERS,TRADE VENDOR,CASH,Y,UVH0034,Y
UVH0035,"HONGKONG ZHEN YUN INTERNATIONAL TRADE CO.,LIMITED",NULL,NULL,14,OVERSEAS SUPPLIERS,TRADE VENDOR,30 DAYS,Y,NULL,NULL
UVH0036,HONGYANG INTERNATIONAL PTE LTD,NULL,NULL,15,LOCAL SUPPLIERS,TRADE VENDOR,CASH,Y,UVH0036,Y
UVH0037,HCH COPR,NULL,NULL,14,OVERSEAS SUPPLIERS,TRADE VENDOR,CASH,Y,NULL,NULL
UVH0038,"HONGKONG TOMORROW TRADE CO., LIMITED",NULL,NULL,14,OVERSEAS SUPPLIERS,TRADE VENDOR,CASH,Y,NULL,NULL
UVH0039,HUAN TRADING PTE LTD,NULL,NULL,15,LOCAL SUPPLIERS,TRADE VENDOR,CASH,Y,UVH0039,Y
UVH0040,HLRB FOOD PTE LTD,NULL,752817,15,LOCAL SUPPLIERS,TRADE VENDOR,30 DAYS,Y,UVH0040,Y
UVH0041,HK WEIDU IMPORT AND EXPORT LIMITED,NULL,NULL,14,OVERSEAS SUPPLIERS,TRADE VENDOR,30 DAYS,Y,UVH0041,Y
UVH0042,HONG FISHERY 502,NULL,NULL,15,LOCAL SUPPLIERS,TRADE VENDOR,30 DAYS,Y,UVH0042,Y
UVH0043,HIDEE SINGAPORE PTE LTD,NULL,NULL,15,LOCAL SUPPLIERS,TRADE VENDOR,30 DAYS,Y,UVH0043,Y
UVH0044,HENGLI FROZEN FOOD SUPPLY,NULL,NULL,15,LOCAL SUPPLIERS,TRADE VENDOR,30 DAYS,Y,UVH0044,Y
UVH0045,HONGCHANG FOODS LIMITED,NULL,NULL,14,OVERSEAS SUPPLIERS,TRADE VENDOR,30 DAYS,Y,UVH0045,Y
UVH0046,HARVEST TRADING PTE LTD,NULL,NULL,15,LOCAL SUPPLIERS,OTHER VENDOR,CASH,Y,UVH0046,Y
UVH0094,HUP PENG TRADING (2005) PTE LTD,NO. 8 KAKI BUKIT ROAD 2,417841,15,LOCAL SUPPLIERS,TRADE VENDOR,30 DAYS,Y,UVH0094,Y
UVH0095,HONG YAN SHI PIN PTE LTD,NULL,SPORE 728654,15,LOCAL SUPPLIERS,OTHER VENDOR,30 DAYS,Y,UVH0095,Y
UVI0001,INTERNATIONAL FOOD CONNECTORS BV,NULL,NULL,15,LOCAL SUPPLIERS,TRADE VENDOR,CASH,Y,UVI0001,Y
UVI0002,INTERNATIONAL DEVELOPMENT AND,"NATIONAL ROAD 80,",NULL,15,LOCAL SUPPLIERS,TRADE VENDOR,CASH,Y,NULL,NULL
UVI0003,INSPIRE FOOD,BLK 171 KAMPONG AMPAT,NULL,15,LOCAL SUPPLIERS,TRADE VENDOR,CASH,Y,NULL,NULL
UVI0004,IMEPA B.V.,LUCHTHAVENWEG 55B,NULL,14,OVERSEAS SUPPLIERS,TRADE VENDOR,30 DAYS,Y,NULL,NULL
UVI0005,INTEROCEAN FOODS PTE LTD,27 B CIRCULAR ROAD,NULL,15,LOCAL SUPPLIERS,TRADE VENDOR,30 DAYS,Y,UVI0005,Y
UVI0006,INTERMEATS LIMITED,NULL,NULL,14,OVERSEAS SUPPLIERS,TRADE VENDOR,CASH,Y,NULL,NULL
UVI0007,INTERNATIONAL FOODS PTE LTD,20 BUKIT BATOK CRESCENT,NULL,15,LOCAL SUPPLIERS,TRADE VENDOR,30 DAYS,Y,UVI0007,Y
UVI0008,INTEGRATED MARKET SERVICES ASIA S'PORE,10 RAEBURN PARK,NULL,15,LOCAL SUPPLIERS,TRADE VENDOR,CASH,Y,NULL,NULL
UVI0009,IDI INTERNATIONAL DEVELOPMENT AND INVESTMENT CORPORATION,NATIONAL ROAD 80 VAMCONG IP,NULL,14,OVERSEAS SUPPLIERS,TRADE VENDOR,CASH,Y,NULL,NULL
UVI0010,"IRIS TAM TRADING & SERVICE CO., LTD",NULL,NULL,14,OVERSEAS SUPPLIERS,TRADE VENDOR,30 DAYS,Y,NULL,NULL
UVI0011,ISMY PTE LTD,NULL,757516,15,LOCAL SUPPLIERS,TRADE VENDOR,CASH,Y,UVI0011,Y
UVI0012,IRISH DUCK COMPANY PTE LTD,NULL,609966,15,LOCAL SUPPLIERS,TRADE VENDOR,30 DAYS,Y,NULL,NULL
UVI0013,INGRADI PTE LTD,NULL,SPORE 408731,15,LOCAL SUPPLIERS,TRADE VENDOR,30 DAYS,Y,UVI0013,Y
UVI0014,INSPIRE FOOD,NULL,NULL,15,LOCAL SUPPLIERS,TRADE VENDOR,30 DAYS,Y,NULL,NULL
UVI0015,I-TEC SUPERMART PTE LTD,NULL,SINGAPORE 389368,15,LOCAL SUPPLIERS,OTHER VENDOR,30 DAYS,Y,UVI0015,Y
UVJ0001,JCS SHRIMPS PTE LTD,11 chin bee drive,619862,15,LOCAL SUPPLIERS,TRADE VENDOR,30 DAYS,Y,UVJ0001,Y
UVJ0002,JURONG HAK KEE GRILLS SUPPLIER,BLK 15 WOODLANDS LOOP,738322,15,LOCAL SUPPLIERS,TRADE VENDOR,CASH,Y,NULL,NULL
UVJ0003,JUZ MULTI TRADING PTE. LTD.,NO 3 WOODLANDS INDUSTRIAL PARK E1,757726,15,LOCAL SUPPLIERS,TRADE VENDOR,CASH,Y,NULL,NULL
UVJ0004,JUN HANG F&B PTE LTD,118 RACE COURSE ROAD #05-01,218581,15,LOCAL SUPPLIERS,TRADE VENDOR,CASH,Y,UVJ0004,Y
UVJ0005,JORDON INTERNATIONAL FOOD PROCESSING P/L,13 WOODLANDS LOOP SINGAPORE 738284,738284,15,LOCAL SUPPLIERS,TRADE VENDOR,30 DAYS,Y,UVJ0005,Y
UVJ0006,JOCO ENTERPRISE,NO 9 DEFU LANE 2,539467,15,LOCAL SUPPLIERS,TRADE VENDOR,CASH,Y,UVJ0006,Y
UVJ0007,JCKC FROZEN FOOD PTE LTD,NO 9 FISHERY PORT #02-03,619730,15,LOCAL SUPPLIERS,TRADE VENDOR,CASH,Y,NULL,NULL
UVJ0008,JIN FOOD MANUFACTURING PTE LTD,BLK 15 WOODLANDS LOOP,NULL,15,LOCAL SUPPLIERS,TRADE VENDOR,CASH,Y,NULL,NULL
UVJ0009,JK FOOD SUPPLY PTE LTD,503 SEMBAWANG ROAD #03-22,NULL,15,LOCAL SUPPLIERS,TRADE VENDOR,30 DAYS,Y,NULL,NULL
UVJ0010,JAYDEN FOODS PTE LTD,NO 9 DEFU LANE 2,NULL,15,LOCAL SUPPLIERS,TRADE VENDOR,30 DAYS,Y,UVJ0010,Y
UVJ0011,JONG FRESH SUPPLIES PTE LTD,BLK 9005 TAMPINES STREET 93,NULL,15,LOCAL SUPPLIERS,TRADE VENDOR,CASH,Y,NULL,NULL
UVJ0012,JIAN YANG FOODSTUFF,BLK 737 WOODLANDS CIRCLE,NULL,15,LOCAL SUPPLIERS,TRADE VENDOR,CASH,Y,NULL,NULL
UVJ0013,JMS MANUFACTURING & PROCESSING PTE LTD,9 FISHERY PORT ROAD,NULL,15,LOCAL SUPPLIERS,TRADE VENDOR,30 DAYS,Y,UVJ0013,Y
UVJ0014,JUNSHIN SUSHI PTE LTD,NULL,368330,15,LOCAL SUPPLIERS,TRADE VENDOR,30 DAYS,Y,UVJ0014,Y
UVJ0015,J LEE INVESTMENT PTE LTD,NULL,619336,15,LOCAL SUPPLIERS,TRADE VENDOR,30 DAYS,Y,NULL,NULL
UVJ0016,JIAJE TRADING,NULL,NULL,15,LOCAL SUPPLIERS,TRADE VENDOR,30 DAYS,Y,NULL,NULL
UVJ0017,JIAJIAFU TRADING PTE LTD,NULL,339715,15,LOCAL SUPPLIERS,TRADE VENDOR,30 DAYS,Y,UVJ0017,Y
UVJ0018,JB FROZEN FOOD PTE LTD,NULL,619336,15,LOCAL SUPPLIERS,TRADE VENDOR,30 DAYS,Y,UVJ0018,Y
UVJ0019,JIN HAI HENG XU HOLDING PTE LTD,NULL,489950,15,LOCAL SUPPLIERS,TRADE VENDOR,30 DAYS,Y,UVJ0019,Y
UVJ0020,JIN DIING FOODSTUFF SUPPLIER PTE LTD,NULL,NULL,15,LOCAL SUPPLIERS,TRADE VENDOR,30 DAYS,Y,UVJ0020,Y
UVK0001,KIONG SING FOOD PTE LTD,blk 3017 bedok north,486121,15,LOCAL SUPPLIERS,TRADE VENDOR,CASH,Y,NULL,NULL
UVK0002,KOH SEE LONG FOOD PTE LTD,17 toh tuck crescent,596931,15,LOCAL SUPPLIERS,TRADE VENDOR,30 DAYS,Y,UVK0002,Y
UVK0003,KSP FOOD SUPPLIERS PTE LTD,10 WOODLANDS TERRACE,738435,15,LOCAL SUPPLIERS,TRADE VENDOR,CASH,Y,NULL,NULL
UVK0004,KAH HUAT SONG KEE FISH AGENT PTE LTD,"ROOM 315 ,NO.35 FISHERY PORT ROAD",619742,15,LOCAL SUPPLIERS,TRADE VENDOR,CASH,Y,UVK0004,Y
UVK0005,KICHIYA FOOD SUPPLY PTE LTD,NO 172 PASIR PANJANG ROAD,118558,15,LOCAL SUPPLIERS,TRADE VENDOR,CASH,Y,NULL,NULL
UVK0006,KLS FOOD PTE LTD,14 SENOKO WAY,758035,15,LOCAL SUPPLIERS,TRADE VENDOR,CASH,Y,NULL,NULL
UVK0007,KENDO TRADING PTE LTD,233 PANDAN LOOP,128421,15,LOCAL SUPPLIERS,TRADE VENDOR,30 DAYS,Y,UVK0007,Y
UVK0008,KEE SONG FOOD CORPORTION (S) PTE LTD,26 SENOKO WAY,539465,15,LOCAL SUPPLIERS,TRADE VENDOR,CASH,Y,UVK0008,Y
UVK0009,KEN KEN FOOD MANUFACTURING PTE LTD,20 SENOKO WAY,758042,15,LOCAL SUPPLIERS,TRADE VENDOR,CASH,Y,NULL,NULL
UVK0010,KUHNE + HEITZ HOLLAND B.V,VAN GODEWIJCKSTRAAT 30,NULL,14,OVERSEAS SUPPLIERS,TRADE VENDOR,CASH,Y,UVK0010,Y
UVK0011,KAI YOUNG HUAT EGGS PTE LTD,20 BUKIT BATOK CRESCENT,NULL,15,LOCAL SUPPLIERS,TRADE VENDOR,CASH,Y,UVK0011,Y
UVK0012,KIM GUAN SEAFOOD TRADING,NULL,NULL,15,LOCAL SUPPLIERS,TRADE VENDOR,CASH,Y,NULL,NULL
UVK0013,KIM LOONG FROZEN FOOD PTE LTD,31 FISHERY PORT ROAD ROOM 10,NULL,15,LOCAL SUPPLIERS,TRADE VENDOR,30 DAYS,Y,NULL,NULL
UVK0014,KINGSUN FOODS CO LIMITED,NULL,NULL,14,OVERSEAS SUPPLIERS,TRADE VENDOR,30 DAYS,Y,UVK0014,Y
UVK0015,KIRIN SEAFOOD SUPPLY PTE LTD,NULL,NULL,15,LOCAL SUPPLIERS,TRADE VENDOR,30 DAYS,Y,NULL,NULL
UVK0016,KUBOTA RICE INDUSTRY (SGP) PTE LTD,NULL,758297,15,LOCAL SUPPLIERS,TRADE VENDOR,30 DAYS,Y,NULL,NULL
UVK0017,KEE WEE HUP KEE FOOD MANUFACTURE PTE LTF,NULL,639274,15,LOCAL SUPPLIERS,TRADE VENDOR,30 DAYS,Y,NULL,NULL
UVK0018,KIDA FOOD TRADING PTE LTD,NULL,410649,15,LOCAL SUPPLIERS,TRADE VENDOR,30 DAYS,Y,UVK0018,Y
UVK0019,KAPA'S KITCHEN PTE LTD,NULL,NULL,15,LOCAL SUPPLIERS,TRADE VENDOR,30 DAYS,Y,UVK0019,Y
UVK0020,KELONG & FARMS,NULL,NULL,15,LOCAL SUPPLIERS,TRADE VENDOR,30 DAYS,Y,UVK0020,Y
UVL0001,LEE FOOD PTE LTD,"blk 3017 Bedok North Street 5,",486121,15,LOCAL SUPPLIERS,TRADE VENDOR,CASH,Y,UVL0001,Y
UVL0002,LI CHUAN FOOD PRODUCTS PTE LTD,40 WOODLANDS TERRACE,738456,15,LOCAL SUPPLIERS,TRADE VENDOR,30 DAYS,Y,UVL0002,Y
UVL0003,LIAN HUP FISH MERCHANT CO.,Fishery Port Road,619729,15,LOCAL SUPPLIERS,TRADE VENDOR,CASH,Y,NULL,NULL
UVL0004,LIM FOOD TRADING,11 CHIN BEE DRIVE,619862,15,LOCAL SUPPLIERS,TRADE VENDOR,CASH,Y,NULL,NULL
UVL0005,LEE HUAT SEAFOOD SUPPLIER,NO 9 FISHERY PORT ROAD,619730,15,LOCAL SUPPLIERS,TRADE VENDOR,30 DAYS,Y,UVL0005,Y
UVL0006,LEEFON FROZEN FOOD TRADING,2 KALLANG AVE #03-03,339407,15,LOCAL SUPPLIERS,TRADE VENDOR,CASH,Y,NULL,NULL
UVL0007,LACTIC TRADING,COVENT GARDEN POST OFFICE,911632,15,LOCAL SUPPLIERS,TRADE VENDOR,CASH,Y,NULL,NULL
UVL0008,XXXXX??????????,121 DEFU LANE 10,539231,14,OVERSEAS SUPPLIERS,TRADE VENDOR,30 DAYS,N,NULL,NULL
UVL0009,LEE SAY POULTRY INDUSTRIAL,18 SENOKO WAY,758040,15,LOCAL SUPPLIERS,TRADE VENDOR,30 DAYS,Y,UVL0009,Y
UVL0010,LIAN HAP XING KEE EDIBLE OIL TRADING P/L,12 CHIN BEE CRESCENT,619896,15,LOCAL SUPPLIERS,TRADE VENDOR,CASH,Y,UVL0010,Y
UVL0011,LEONG HIN FOODS PTE LTD,BLK 15 WOODLANDS LOOP,NULL,15,LOCAL SUPPLIERS,TRADE VENDOR,CASH,Y,UVL0011,Y
UVL0012,LIM TAI SOON TRADING,NO 9 JALAN TEPONG,NULL,15,LOCAL SUPPLIERS,TRADE VENDOR,30 DAYS,Y,NULL,NULL
UVL0013,LIM SIANG HUAT PTE LTD,6 FISHERY PORT #02M,619747,15,LOCAL SUPPLIERS,TRADE VENDOR,CASH,Y,UVL0013,Y
UVL0014,LP EXPORT DMCC,JUMEIRAH LAKE TOWERS,NULL,14,OVERSEAS SUPPLIERS,TRADE VENDOR,30 DAYS,Y,UVL0014,Y
UVL0022,"LONG SEAFOOD CO.,LTD","151/105,LIEN KHU 4-5 STREET,",NULL,14,OVERSEAS SUPPLIERS,TRADE VENDOR,30 DAYS,Y,NULL,NULL
UVL0023,LER E PTE LTD,66 KIM YAN ROAD,NULL,15,LOCAL SUPPLIERS,TRADE VENDOR,CASH,Y,NULL,NULL
UVL0024,LAM KEE FISHERIES PTE LTD,121 DEFU LANE 10,NULL,15,LOCAL SUPPLIERS,TRADE VENDOR,30 DAYS,Y,UVL0024,Y
UVL0025,LIANG YI FOOD INDUSTRIES PTE LTD,15 JALAN TEPONG #05-10,NULL,15,LOCAL SUPPLIERS,TRADE VENDOR,CASH,Y,UVL0025,Y
UVL0026,LEONG HUP DISTRIBUTION PTE LTD,31 FISHERY PORT ROAD,NULL,15,LOCAL SUPPLIERS,TRADE VENDOR,30 DAYS,Y,UVL0026,Y
UVL0027,LIAN HE FA FOOD MANUFACTURING SDN BHD,NULL,NULL,14,OVERSEAS SUPPLIERS,TRADE VENDOR,30 DAYS,Y,UVL0027,Y
UVL0028,LIAN WAH HANG FARM PTE LTD,NO 5 LIM CHU KANG LANE 6F,NULL,15,LOCAL SUPPLIERS,TRADE VENDOR,CASH,Y,NULL,NULL
UVL0029,LOCH GROCER PTE LTD,NULL,SPORE 640503,15,LOCAL SUPPLIERS,TRADE VENDOR,CASH,Y,UVL0029,Y
UVL0030,LIANG TECK PLASTIC PTE LTD,NULL,SPORE 640503,15,LOCAL SUPPLIERS,OTHER VENDOR,CASH,Y,UVL0030,Y
UVL0031,LENG SOON TRADING PTE LTD,1 BUKIT BATOK CRESCENT,658064,15,LOCAL SUPPLIERS,TRADE VENDOR,30 DAYS,Y,UVL0031,Y
UVL0032,LONG YUE TENG TRADING PTE LTD,NULL,NULL,15,LOCAL SUPPLIERS,TRADE VENDOR,30 DAYS,Y,UVL0032,Y
UVL0033,LIN HONG FOOD TRADING PTE LTD,NULL,SPORE 738322,15,LOCAL SUPPLIERS,OTHER VENDOR,30 DAYS,Y,UVL0033,Y
UVL0034,LINEAGE FOOD SOULTIONS PTE LTD,2 MANDAI LINK,SPORE 728664,15,LOCAL SUPPLIERS,OTHER VENDOR,30 DAYS,Y,UVL0034,Y
UVM0001,MUA HIN POULTRY FARM PTE LTD,No. 17 Senoko Crescent,758280,15,LOCAL SUPPLIERS,TRADE VENDOR,30 DAYS,Y,UVM0001,Y
UVM0002,MEAT.COM PTE LTD,20 BUKIT BATOK CRESCENT,658080,15,LOCAL SUPPLIERS,TRADE VENDOR,CASH,Y,UVM0002,Y
UVM0003,MEI SAN PTE LTD,NO 11 CHIN BEE DRIVE,619862,15,LOCAL SUPPLIERS,TRADE VENDOR,CASH,Y,NULL,NULL
UVM0004,MIN CHUAN ENTERPRISE,-,NULL,15,LOCAL SUPPLIERS,TRADE VENDOR,CASH,Y,NULL,NULL
UVM0005,MILLENIUM TRADING PTE LTD,31 FISHERY PORT,619741,15,LOCAL SUPPLIERS,TRADE VENDOR,30 DAYS,Y,UVM0005,Y
UVM0006,MARCO EVEREST FOOD TRADING,9 FISHERY PORT ROAD,619730,15,LOCAL SUPPLIERS,TRADE VENDOR,CASH,Y,NULL,NULL
UVM0007,M.G.Y MEAT DISTRIBUTORS,NO 9 JALAN TEPONG #01-08,NULL,15,LOCAL SUPPLIERS,TRADE VENDOR,CASH,Y,NULL,NULL
UVM0008,MEGA PACKERS ASSOCIATE PTE LTD,10 HOE CHIANG ROAD,619730,15,LOCAL SUPPLIERS,TRADE VENDOR,30 DAYS,Y,UVM0008,Y
UVM0010,MIDEA FOOD INDUSTRY,NO 4 JALAN 3,NULL,15,LOCAL SUPPLIERS,TRADE VENDOR,CASH,Y,NULL,NULL
UVM0011,M.G.Y MEAT DISTRIBUTORS,9 JALAN TEPONG #01-08 SPORE 619727,NULL,15,LOCAL SUPPLIERS,TRADE VENDOR,CASH,Y,NULL,NULL
UVM0012,MTIA PTE LTD,94 H JALAN SENANG ROAD,NULL,15,LOCAL SUPPLIERS,TRADE VENDOR,30 DAYS,Y,UVM0012,Y
UVM0013,MS FOOD TRADING (PRIVATE LIMITED),9 JALAN TEPONG,619327,15,LOCAL SUPPLIERS,TRADE VENDOR,CASH,Y,UVM0013,Y
UVM0014,MINATO SINGAPORE PTE LTD,NULL,NULL,15,LOCAL SUPPLIERS,TRADE VENDOR,30 DAYS,Y,NULL,NULL
UVM0015,MINERVA S.A,NULL,NULL,14,OVERSEAS SUPPLIERS,TRADE VENDOR,30 DAYS,Y,UVM0015,Y
UVM0016,MAMAMI DEAL PTE LTD,BLK 15 WOODLANDS LOOP,NULL,15,LOCAL SUPPLIERS,TRADE VENDOR,CASH,Y,UVM0016,Y
UVM0017,MIKA SEAFOOD TRADING,NULL,NULL,15,LOCAL SUPPLIERS,TRADE VENDOR,CASH,Y,UVM0017,Y
UVM0018,MS CONNOISSEUR PTE LTD,NULL,NULL,15,LOCAL SUPPLIERS,TRADE VENDOR,30 DAYS,Y,UVM0018,Y
UVM007,MCBELLE FROZEN FOOD,31 JURONG PORT ROAD,NULL,15,LOCAL SUPPLIERS,OTHER VENDOR,CASH,Y,NULL,NULL
UVN0001,NISSIN FROZEN FOOD,Blk 4008 Depot Lane #01-88,109762,15,LOCAL SUPPLIERS,TRADE VENDOR,CASH,Y,NULL,NULL
UVN0002,NEW MULTI FOODSTUFF PTE LTD,NO 6 CHIN BEE AVE,389909,15,LOCAL SUPPLIERS,TRADE VENDOR,30 DAYS,Y,UVN0002,Y
UVN0003,NGUAN FOOD TRADING PTE LTD,15 JALAN TEPONG #01-14/15,691336,15,LOCAL SUPPLIERS,TRADE VENDOR,30 DAYS,Y,UVN0003,Y
UVN0005,NATRAD FOOD PTE LTD,149 UBI AVE 4,NULL,15,LOCAL SUPPLIERS,TRADE VENDOR,CASH,Y,NULL,NULL
UVN0006,NTC WISMETTAC SINGAPORE PTE LTD,6 TUAS BAY WALK #01-00,NULL,15,LOCAL SUPPLIERS,TRADE VENDOR,CASH,Y,UVN0006,Y
UVN0007,NGOC HA CO.LTD. FOOD PROCESSING AND TRADING,HOI HAMLET KIM SON VILLAGE,NULL,14,OVERSEAS SUPPLIERS,TRADE VENDOR,30 DAYS,Y,NULL,NULL
UVN0008,NG AI FOOD INDUSTRIES PTE LTD,????????????,SPORE 627947,15,LOCAL SUPPLIERS,TRADE VENDOR,30 DAYS,Y,UVN0008,Y
UVN0009,NET LINK PARTNERS PTE LTD,NULL,NULL,15,LOCAL SUPPLIERS,OTHER VENDOR,30 DAYS,Y,UVN0009,Y
UVN0010,NEW DELI TRADING PTE LTD,NULL,NULL,15,LOCAL SUPPLIERS,OTHER VENDOR,30 DAYS,Y,UVN0010,Y
UVN0011,NEW DAWN FROZEN FOOD PTE LTD,NULL,619900,15,LOCAL SUPPLIERS,OTHER VENDOR,30 DAYS,Y,UVN0011,Y
UVN0012,NEW RETAIL INTERNATIONAL PTE LTD,NULL,528605,15,LOCAL SUPPLIERS,OTHER VENDOR,30 DAYS,Y,UVN0012,Y
UVN0015,NANYANG TRADITIONAL FOOD PTE LTD,10 FISHERY PORT,619732,15,LOCAL SUPPLIERS,TRADE VENDOR,CASH,Y,UVN0015,Y
UVN004,NH FOODS SINGAPORE PTE LTD,NULL,NULL,15,LOCAL SUPPLIERS,TRADE VENDOR,30 DAYS,Y,UVN004,Y
UVO0001,OMNI AQUATIC SUPPLIES PTE LTD,147/149/175/177 pandan loop,128347,15,LOCAL SUPPLIERS,TRADE VENDOR,30 DAYS,Y,UVO0001,Y
UVO0002,OCEANWIDE FROZEN FOOD PTE LTD,51 UBI AVENUE 1 #05-20 / #07-20,408933,15,LOCAL SUPPLIERS,TRADE VENDOR,CASH,Y,NULL,NULL
UVO0004,OJJ FOODS PTE LTD,9 WAN LEE ROAD,627941,15,LOCAL SUPPLIERS,TRADE VENDOR,30 DAYS,Y,UVO0004,Y
UVO0005,ONE OCEAN SUPPLY,NO 12 CHANG CHARN ROAD,159641,15,LOCAL SUPPLIERS,TRADE VENDOR,CASH,Y,NULL,NULL
UVO0006,OT FOODS PTE LTD,NO 10 FISHERY PORT ROAD,619732,15,LOCAL SUPPLIERS,TRADE VENDOR,CASH,Y,NULL,NULL
UVO0007,ONE OCEAN SEAFOOD SUPPLY,67 SUNGEI TENGAH ROAD,699008,15,LOCAL SUPPLIERS,TRADE VENDOR,CASH,Y,NULL,NULL
UVO0008,ONE OCEAN FOOD PTE LTD,NULL,NULL,NULL,NULL,TRADE VENDOR,CASH,Y,NULL,NULL
UVO0009,OPUS VERTICALS PTE LTD,NULL,199591,15,LOCAL SUPPLIERS,TRADE VENDOR,30 DAYS,Y,UVO0009,Y
UVO0010,ORACLE HOLDING PTE LTD,NULL,138649,15,LOCAL SUPPLIERS,TRADE VENDOR,30 DAYS,Y,UVO0010,Y
UVO0011,ONE EAGLE ENTITY PTE LTD,NULL,NULL,15,LOCAL SUPPLIERS,TRADE VENDOR,30 DAYS,Y,UVO0011,Y
UVO0012,"OCEAN FISHERY CO.,LTD","13 NO 2,XIU ZHAN ROAD",west,14,OVERSEAS SUPPLIERS,TRADE VENDOR,30 DAYS,Y,UVO0012,Y
UVP0001,PAN OCEAN SINGAPORE PTE LTD,220 pandan loop,128409,15,LOCAL SUPPLIERS,TRADE VENDOR,30 DAYS,Y,UVP0001,Y
UVP0002,PIN CORPORATION PTE LTD,No. 2 Mandai Link,728664,15,LOCAL SUPPLIERS,TRADE VENDOR,30 DAYS,Y,UVP0002,Y
UVP0003,PACIFIC FROZEN FOOD,57 CHOA CHU KANG LOOP,689685,15,LOCAL SUPPLIERS,TRADE VENDOR,CASH,Y,NULL,NULL
UVP0004,PHOON HUAT PTE LTD,231A PANDAN LOOP,128419,15,LOCAL SUPPLIERS,TRADE VENDOR,CASH,Y,UVP0004,Y
UVP0005,PRIME DELI TRADING PTE. LTD.,11 CHIN BEE DRIVE,619862,15,LOCAL SUPPLIERS,TRADE VENDOR,30 DAYS,Y,UVP0005,Y
UVP0006,INDIA-PACIFIC TRADING,-,NULL,15,LOCAL SUPPLIERS,TRADE VENDOR,30 DAYS,Y,UVP0006,Y
UVP0007,PENG WANG FISH PRODUCT,BLK 3017 BEDOK NORTH STREET 5,486121,15,LOCAL SUPPLIERS,TRADE VENDOR,CASH,Y,UVP0007,Y
UVP0008,PENG GUAN FOOD MFG PTE LTD,NULL,757437,15,LOCAL SUPPLIERS,TRADE VENDOR,30 DAYS,Y,UVP0008,Y
UVP0009,PARK FOOD MANUFACTURING PTE LTD,50 WOODLANDS TERRACE,NULL,15,LOCAL SUPPLIERS,TRADE VENDOR,30 DAYS,Y,UVP0009,Y
UVP0010,PERIKANAN HAP HUAT SDN.BHD,NO 583 JALAN PERI LAMA,NULL,14,OVERSEAS SUPPLIERS,TRADE VENDOR,30 DAYS,Y,NULL,NULL
UVP0011,PT.JAYA HASIL LAUT,NULL,NULL,14,OVERSEAS SUPPLIERS,TRADE VENDOR,30 DAYS,Y,NULL,NULL
UVP0012,PWA HOUSE PTE LTD,40 SENOKO DRIVE,NULL,15,LOCAL SUPPLIERS,TRADE VENDOR,CASH,Y,NULL,NULL
UVP0013,PAN SEAS ENTERPRISES PTE LTD,35B FISHERY PORT ROAD,NULL,15,LOCAL SUPPLIERS,TRADE VENDOR,CASH,Y,NULL,NULL
UVP0014,PING PONG FOODS PTE LTD,36 SIGLAP DRIVE,NULL,15,LOCAL SUPPLIERS,TRADE VENDOR,30 DAYS,Y,UVP0014,Y
UVP0015,PREMIER GRILLS,NULL,NULL,15,LOCAL SUPPLIERS,TRADE VENDOR,30 DAYS,Y,UVP0015,Y
UVP0016,PREMIER FOODS ASIA PTE LTD,NULL,48581,15,LOCAL SUPPLIERS,TRADE VENDOR,30 DAYS,Y,UVP0016,Y
UVP0017,PENG SIONG ENTERPRISE,NULL,768449,15,LOCAL SUPPLIERS,TRADE VENDOR,30 DAYS,Y,UVP0017,Y
UVP0018,PROCESSING EXPORT IMPORT FISHERY DINH AN ENTERPRISE,BLK IV-8 ZONE A1,NULL,14,OVERSEAS SUPPLIERS,TRADE VENDOR,30 DAYS,Y,UVP0018,Y
UVP0019,PEOPLES INSURANCE AGENCY PTE LTD,NULL,608581,15,LOCAL SUPPLIERS,OTHER VENDOR,30 DAYS,Y,UVP0019,Y
UVP0020,POWERFLOW PTE LTD,NULL,536205,15,LOCAL SUPPLIERS,OTHER VENDOR,30 DAYS,Y,UVP0020,Y
UVP0021,PAK SOON FROZEN SEAFOODS SDN BHD,NULL,81300,14,OVERSEAS SUPPLIERS,TRADE VENDOR,CASH,Y,UVP0021,Y
UVP0022,PT SARI SAMUDERA INDONESIA,KEC KALIORI,NULL,14,OVERSEAS SUPPLIERS,TRADE VENDOR,CASH,Y,NULL,NULL
UVQ0001,Q.B. FOOD TRADING PTE LTD,8 CHIN BEE CRESCENT,619893,15,LOCAL SUPPLIERS,TRADE VENDOR,CASH,Y,NULL,NULL
UVQ0002,QIQI FROZEN FOOD,BLK 15 WOODLANDS LOOP,738322,15,LOCAL SUPPLIERS,TRADE VENDOR,CASH,Y,NULL,NULL
UVQ0003,QSR TRADING SDN BHD,1 JALAN PELUKIS U1/46A,NULL,14,OVERSEAS SUPPLIERS,TRADE VENDOR,30 DAYS,Y,UVQ0003,Y
UVQ0004,"QIANJIANG LIUWU AQUATIC PRODUCTS CP.,LTD",NULL,NULL,14,OVERSEAS SUPPLIERS,TRADE VENDOR,30 DAYS,Y,NULL,NULL
UVQ0005,QUALITY MEAT PTE LTD,NULL,619862,15,LOCAL SUPPLIERS,TRADE VENDOR,CASH,Y,UVQ0005,Y
UVQ0006,NULL,NULL,NULL,NULL,NULL,TRADE VENDOR,30 DAYS,Y,NULL,NULL
UVQ0007,QM ASIA TRADING PTE LTD,NULL,NULL,15,LOCAL SUPPLIERS,TRADE VENDOR,CASH,Y,NULL,NULL
UVQ0008,QINHUANGDAO CHENGLONG FROZEN FOOD CO LTD,NULL,NULL,14,OVERSEAS SUPPLIERS,TRADE VENDOR,30 DAYS,Y,UVQ0008,Y
UVR0001,REN & ZHANG WORLDWIDE TRADING(S)PTE LTD,20 MAXWELL ROAD,69113,15,LOCAL SUPPLIERS,TRADE VENDOR,30 DAYS,Y,UVR0001,Y
UVR0002,R & B FOOD SERVICES,808 French Road,200808,15,LOCAL SUPPLIERS,TRADE VENDOR,CASH,Y,NULL,NULL
UVR0003,RAO PING COUNTY LONGFA SEAAFOOD CO LTD,DONGFENG NEW VILLAGE JINGZHOU TOWN,NULL,14,OVERSEAS SUPPLIERS,TRADE VENDOR,CASH,Y,NULL,NULL
UVR0004,"RAOPING YUXIANG AQUACULTURE CO., LTD","NO1-2,LANE 6 ,DONG XING SOUTH ROAD",NULL,14,OVERSEAS SUPPLIERS,TRADE VENDOR,30 DAYS,Y,NULL,NULL
UVR0005,RUNDA TRADING PTE LTD,21 CHAI CHEE ROAD #01-442,NULL,15,LOCAL SUPPLIERS,TRADE VENDOR,CASH,Y,NULL,NULL
UVR0006,6 ELEMENTS BUILDING SERVICES PTE LTD,BLK 5002 ANG MO KIO AVE 5,NULL,15,LOCAL SUPPLIERS,OTHER VENDOR,CASH,Y,NULL,NULL
UVR0007,"RAOPING WENJIAN FREEZE FOODS CO.,LTD","SANMEN VILLAGE,LIANRAO TOWN,",NULL,14,OVERSEAS SUPPLIERS,TRADE VENDOR,30 DAYS,Y,NULL,NULL
UVR0008,RIVALEA (AUSTRALIA) PTY.LTD,NULL,NULL,14,OVERSEAS SUPPLIERS,TRADE VENDOR,30 DAYS,Y,NULL,NULL
UVR0009,ROMPIN ENTERPRISE,"7, KIAN TECK CRESENT",NULL,15,LOCAL SUPPLIERS,OTHER VENDOR,CASH,Y,NULL,NULL
UVR0010,RIO BRANCO ALIMENTOS S.A,"AV RAJA GABAGLIA,4.091 - CEP 30.350-570",NULL,14,OVERSEAS SUPPLIERS,TRADE VENDOR,30 DAYS,Y,UVR0010,Y
UVR0011,RICH BRILLIANT LTD,RM 1205 TUNG CHE COMM CENTRE,NULL,14,OVERSEAS SUPPLIERS,TRADE VENDOR,30 DAYS,Y,NULL,NULL
UVR0012,ROTARY VORTEX LIMITED,NULL,NULL,14,OVERSEAS SUPPLIERS,TRADE VENDOR,30 DAYS,Y,UVR0012,Y
UVS0001,SAN KIA COLDSTORAGE FOODSTUFFS TRADING,jurong central fish market,619743,15,LOCAL SUPPLIERS,TRADE VENDOR,CASH,Y,NULL,NULL
UVS0002,SEAWAVES FROZEN FOOD PTE LTD,12 fishery port road,619734,15,LOCAL SUPPLIERS,TRADE VENDOR,30 DAYS,Y,UVS0002,Y
UVS0003,SHI HAI CHUAN TRADING,10 anson road #10-06,79903,15,LOCAL SUPPLIERS,TRADE VENDOR,CASH,Y,NULL,NULL
UVS0004,SOON HIN FOOD TRADING PTE LTD,15 JALAN TEPONG,619336,15,LOCAL SUPPLIERS,TRADE VENDOR,30 DAYS,Y,NULL,NULL
UVS0005,SONG FISH DEALER PTE LTD,"No. 19 Fishery Port Road, Jurong",619736,15,LOCAL SUPPLIERS,TRADE VENDOR,30 DAYS,Y,UVS0005,Y
UVS0006,SIN LI HIN FROZEN FOOD PTE LTD,blk 15 woodlands loop,738322,15,LOCAL SUPPLIERS,TRADE VENDOR,30 DAYS,Y,UVS0006,Y
UVS0007,S. S. KIM ENTERPRISES PTE LTD,blk 26 #01-214 wholesale centre,110026,15,LOCAL SUPPLIERS,TRADE VENDOR,CASH,Y,NULL,NULL
UVS0008,COUNTRY FOODS PTE LTD,SATS BRF FOOD PTE LTD,618291,15,LOCAL SUPPLIERS,TRADE VENDOR,30 DAYS,Y,UVS0008,Y
UVS0009,S.E.A. FRESH PTE LTD,30 ALEXANDRA LANE #05-04B,119982,15,LOCAL SUPPLIERS,TRADE VENDOR,CASH,Y,NULL,NULL
UVS0010,S.I.SAMY TRADING CO.PTE LTD,1 FISHERY PORT ROAD,NULL,15,LOCAL SUPPLIERS,TRADE VENDOR,CASH,Y,NULL,NULL
UVS0011,SOURCE MARCOM INTERNATIONAL PTE LTD,51 BUKIT BATOK CRESCENT,658077,15,LOCAL SUPPLIERS,TRADE VENDOR,CASH,Y,NULL,NULL
UVS0012,SEE HOY CHAN,32 CARPENTER STREET,59911,15,LOCAL SUPPLIERS,TRADE VENDOR,CASH,Y,NULL,NULL
UVS0013,SENGKANG TRADING ENTERPRISE,"432 TAGORE IND.AVE,",787811,15,LOCAL SUPPLIERS,TRADE VENDOR,CASH,Y,NULL,NULL
UVS0014,SIN HIN FROZEN FOOD PTE LTD,500 WEST COAST ROAD,127431,15,LOCAL SUPPLIERS,TRADE VENDOR,30 DAYS,Y,UVS0014,Y
UVS0015,SAYEED MUHAMMAD & SONS TRADER PTE LTD,35 HONG KONG STREET,59674,15,LOCAL SUPPLIERS,TRADE VENDOR,CASH,Y,NULL,NULL
UVS0016,SEO ENG JOO FROZEN FOOD PTE LTD,26 TUAS AVENUE 12,639042,15,LOCAL SUPPLIERS,TRADE VENDOR,CASH,Y,UVS0016,Y
UVS0017,SIME DARBY EDIBLE PRODUCT LIMITED,255 JALAN BOON LAY,619524,15,LOCAL SUPPLIERS,TRADE VENDOR,CASH,Y,NULL,NULL
UVS0018,SEAGIFT FOOD PTE LTD,53 UBI AVENUE 1,408934,15,LOCAL SUPPLIERS,TRADE VENDOR,CASH,Y,NULL,NULL
UVS0019,SYUHADA FOOD PTE LTD,BLK 3017 BEDOK NORTH STREET 5,486121,15,LOCAL SUPPLIERS,TRADE VENDOR,CASH,Y,NULL,NULL
UVS0020,SUN HUAT FROZEN FOOD SUPPLIER,9 FISHERY PORT ROAD,619730,15,LOCAL SUPPLIERS,TRADE VENDOR,CASH,Y,NULL,NULL
UVS0021,SUNIWELL TRADING PTE LTD,183 PANDAN LOOP,NULL,15,LOCAL SUPPLIERS,TRADE VENDOR,30 DAYS,Y,NULL,NULL
UVS0022,SNORRE FOOD PTE LTD,25 FISHERY PORT ROAD,NULL,15,LOCAL SUPPLIERS,TRADE VENDOR,30 DAYS,Y,NULL,NULL
UVS0023,SIONG HONG SEAFOOD ENTERPRISE PTE LTD,15 WOODLANDS LOOP #03-54,NULL,15,LOCAL SUPPLIERS,TRADE VENDOR,CASH,Y,UVS0023,Y
UVS0024,SWEE CHANG SENG FOODSTUFFS,SUNGEI TENGAH ROAD FARMART CENTRE,NULL,15,LOCAL SUPPLIERS,TRADE VENDOR,CASH,Y,NULL,NULL
UVS0025,SUNSPHERE MATERIALS PTE LTD,13 LORONG 8 TOA PAYOH #02-02,NULL,15,LOCAL SUPPLIERS,TRADE VENDOR,CASH,Y,NULL,NULL
UVS0026,SUN SEAFOOD TRADING,BLK 326 JURONG EAST STREET 31,NULL,15,LOCAL SUPPLIERS,TRADE VENDOR,CASH,Y,NULL,NULL
UVS0027,SEA VENTURE ENTERPRISE PTE LTD,31 ATTAP VALLEY ROAD,NULL,15,LOCAL SUPPLIERS,TRADE VENDOR,CASH,Y,UVS0027,Y
UVS0028,SG SEAFOOD IMPORT EXPORT COMPANY LIMITED,265 HAU GIANG STR,NULL,14,OVERSEAS SUPPLIERS,TRADE VENDOR,CASH,Y,NULL,NULL
UVS0029,SEVENSEAS FISHERIES PTE LTD,265 HAU GIANG STR,NULL,15,LOCAL SUPPLIERS,TRADE VENDOR,CASH,Y,UVS0029,Y
UVS0030,SAHE FOOD ENTERPRISE PTE LTD,52 SENOKO DRIVE SPORE 758233,NULL,15,LOCAL SUPPLIERS,TRADE VENDOR,CASH,Y,NULL,NULL
UVS0031,SL FOODS PTE LTD,1 SENOKO AVE,NULL,15,LOCAL SUPPLIERS,TRADE VENDOR,CASH,Y,UVS0031,Y
UVS0032,"SONG GIA IMPORT EXPORT TRADING SERIVE CO,LTD","35/49/7 AU CO STREET,TAN SON NHI WARD,",NULL,14,OVERSEAS SUPPLIERS,TRADE VENDOR,30 DAYS,Y,NULL,NULL
UVS0033,SWEE AIK FOOD MANUFACTORY,BLK 3015 BEDOK NORTH,NULL,15,LOCAL SUPPLIERS,TRADE VENDOR,CASH,Y,NULL,NULL
UVS0034,SIN MUI HENG FOOD INDUSTRIES,BLK 3017 BEDOK NORTH STREET 5,NULL,15,LOCAL SUPPLIERS,TRADE VENDOR,30 DAYS,Y,UVS0034,Y
UVS0035,"SHANTOU JINTAI AQUATIC PRODUCT INDUSTRIAL CO .,LTD",XINDI AREA OF ANHAI ROAD HAIMEN CHAOYANG SHANTOU,NULL,14,OVERSEAS SUPPLIERS,TRADE VENDOR,30 DAYS,Y,NULL,NULL
UVS0036,SAI GON Q.K JCS,L14-08B FLOOR 14,NULL,14,OVERSEAS SUPPLIERS,TRADE VENDOR,CASH,Y,NULL,NULL
UVS0037,SEAFOODDIRECT2012 ONE MEMBER LIMITED,NULL,NULL,14,OVERSEAS SUPPLIERS,TRADE VENDOR,CASH,Y,NULL,NULL
UVS0038,SIGMA FOOD PTE LTD,2 BUKIT BATOK ST 23,NULL,15,LOCAL SUPPLIERS,TRADE VENDOR,CASH,Y,UVS0038,Y
UVS0039,SHANLEE PTE LTD,51 TANNERY LANE #06-01,NULL,15,LOCAL SUPPLIERS,TRADE VENDOR,CASH,Y,NULL,NULL
UVS0040,SIANG POH WANG FOOD INDUSTRIES PTE LTD,7 FAN YOONG ROAD,NULL,15,LOCAL SUPPLIERS,TRADE VENDOR,CASH,Y,NULL,NULL
UVS0041,SEA FISH EXPORT IMPORT LIMITED LIABILITY COMPANY,45E HIGHWAY 91,NULL,14,OVERSEAS SUPPLIERS,TRADE VENDOR,30 DAYS,Y,NULL,NULL
UVS0042,SHENG SIONG SUPERMARKET PTE LTD,NULL,NULL,15,LOCAL SUPPLIERS,TRADE VENDOR,CASH,Y,NULL,NULL
UVS0043,SINCERE WHOLESALE PTE LTD,13 KAKI BUKIT ROAD 1,NULL,15,LOCAL SUPPLIERS,TRADE VENDOR,CASH,Y,NULL,NULL
UVS0044,SENG HUAT BEAN CURD,#01-140 DEFU INDUSTRIAL ESTATE,NULL,15,LOCAL SUPPLIERS,TRADE VENDOR,CASH,Y,NULL,NULL
UVS0045,SMART CHANCE CORPORATION LIMITED,23/F TUNG WAI COMMERCIAL BUILDING 1,NULL,14,OVERSEAS SUPPLIERS,OTHER VENDOR,CASH,Y,NULL,NULL
UVS0046,STS SEAFOOD DIRECT PTE LTD,33 CHIN BEE CRESCENT,NULL,15,LOCAL SUPPLIERS,TRADE VENDOR,30 DAYS,Y,UVS0046,Y
UVS0047,SEA FROZEN FOOD SDN BHD,NULL,81100,14,OVERSEAS SUPPLIERS,TRADE VENDOR,CASH,Y,NULL,NULL
UVS0048,SHINWA PTE LTD,NULL,369974,15,LOCAL SUPPLIERS,TRADE VENDOR,CASH,Y,UVS0048,Y
UVS0049,SIA HUAT BEYONG FOODSERVICES SUPPLIES,NULL,NULL,15,LOCAL SUPPLIERS,TRADE VENDOR,30 DAYS,Y,NULL,NULL
UVS0050,S MARCO FOOD TRADING PTE LTD,NULL,73756,15,LOCAL SUPPLIERS,TRADE VENDOR,30 DAYS,Y,UVS0050,Y
UVS0051,SOON FONG SEAFOOD PTE LTD,NULL,627944,15,LOCAL SUPPLIERS,TRADE VENDOR,30 DAYS,Y,UVS0051,Y
UVS0052,S.E.A. GLOBAL PTE LTD,31 TANJONG PENJURU,609027,15,LOCAL SUPPLIERS,TRADE VENDOR,CASH,Y,UVS0052,Y
UVS0053,STEAK & GRILLS (B.BATOK),-,NULL,15,LOCAL SUPPLIERS,TRADE VENDOR,CASH,Y,UVS0053,Y
UVS0054,**ARIBA** COUNTRY FOODS PTE LTD,SATS BRF FOOD PTE LTD,618291,14,OVERSEAS SUPPLIERS,TRADE VENDOR,30 DAYS,Y,UVS0054,Y
UVS0055,SUN SEAFOOD PTE LTD,-,NULL,15,LOCAL SUPPLIERS,TRADE VENDOR,CASH,Y,UVS0055,Y
UVS0057,SOUSVIDELICIOUS,15 JALAN TEPONG,NULL,15,LOCAL SUPPLIERS,TRADE VENDOR,30 DAYS,Y,UVS0057,Y
UVS0058,SUNRISE FOOD PTE LTD,15 JALAN TEPONG,NULL,15,LOCAL SUPPLIERS,TRADE VENDOR,30 DAYS,Y,UVS0058,Y
UVS0059,SMART FOOD PTE LTD,NULL,NULL,15,LOCAL SUPPLIERS,TRADE VENDOR,30 DAYS,Y,UVS0059,Y
UVS0060,SECURUS PTE LTD,NULL,600130,15,LOCAL SUPPLIERS,OTHER VENDOR,30 DAYS,Y,UVS0060,Y
UVS0061,SHISHANGFOOD PTE LTD,NULL,88760,15,LOCAL SUPPLIERS,TRADE VENDOR,30 DAYS,Y,UVS0061,Y
UVS0062,SIAM CANADIAN (ASIA) LIMITED,15/F BOC GROUP LIFE ASSURANCE TOWER,NULL,15,LOCAL SUPPLIERS,TRADE VENDOR,30 DAYS,Y,UVS0062,Y
UVT0001,TAI WEE COMPANY (PTE) LTD,31 FISHERY PORT RD,128414,15,LOCAL SUPPLIERS,TRADE VENDOR,CASH,N,NULL,NULL
UVT0002,THYE SENG TRADING CO PTE LIMITED,19 fishery port road,619736,15,LOCAL SUPPLIERS,TRADE VENDOR,CASH,Y,NULL,NULL
UVT0003,TONG SENG PRODUCE PTE LTD,33 SENOKO SOUTH RD,NULL,15,LOCAL SUPPLIERS,TRADE VENDOR,CASH,Y,UVT0003,Y
UVT0004,TIONG LIAN FOOD PTE LTD,NULL,singapore 128390,15,LOCAL SUPPLIERS,TRADE VENDOR,CASH,Y,UVT0004,Y
UVT0005,TOWSENLY FOOD ENTERPRISE,31 FISHERY PORT ROAD,619742,15,LOCAL SUPPLIERS,TRADE VENDOR,30 DAYS,Y,UVT0005,Y
UVT0006,THE SEAFOOD COMPANY PTE LTD,"NO 4 Defu Lane 9,",539208,15,LOCAL SUPPLIERS,TRADE VENDOR,30 DAYS,Y,UVT0006,Y
UVT0007,TSG FOOD PTE LTD,NO 14 SENOKO WAY,758035,15,LOCAL SUPPLIERS,TRADE VENDOR,30 DAYS,Y,UVT0007,Y
UVT0008,TEE YIH JIA FOOD MANUFACTURING PTE LTD,1 SENOKO ROAD TEE YIH JIA BUILDING,758134,15,LOCAL SUPPLIERS,TRADE VENDOR,CASH,Y,NULL,NULL
UVT0009,TS FROZEN SEAFOOD,30 ALEXANDRA LANE #02-43,119982,15,LOCAL SUPPLIERS,TRADE VENDOR,30 DAYS,Y,UVT0009,Y
UVT0010,THERN DA SEAFOOD PTE LTD,3017 BEDOK NORTH STREET 5,486121,15,LOCAL SUPPLIERS,TRADE VENDOR,CASH,Y,NULL,NULL
UVT0011,TING & TING TRADING,244S UPPER THOMSON ROAD,574369,15,LOCAL SUPPLIERS,TRADE VENDOR,CASH,Y,NULL,NULL
UVT0012,"TRUONG NGUYEN SEAFOOD CO.,LTD",LOT 6 TRA NOC INDUSTRIAL ZONE 1,NULL,14,OVERSEAS SUPPLIERS,OTHER VENDOR,CASH,Y,NULL,NULL
UVT0013,THAI MINH HUNG TRADING COMPANY LIMITED,212/226A NGUYEN VAN NGUYEN STR,NULL,14,OVERSEAS SUPPLIERS,TRADE VENDOR,30 DAYS,Y,NULL,NULL
UVT0014,TLK SUPPLY & PACKING,35B FISHERY PORT ROAD,NULL,15,LOCAL SUPPLIERS,TRADE VENDOR,CASH,Y,NULL,NULL
UVT0015,TOH THYE SAN FARM,BLK 684 HOUGANG AVE 8,NULL,15,LOCAL SUPPLIERS,TRADE VENDOR,CASH,Y,NULL,NULL
UVT0016,TSM FOOD SERVICES PTE LTD,8A ADMIRALTY STREET,NULL,15,LOCAL SUPPLIERS,TRADE VENDOR,30 DAYS,Y,UVT0016,Y
UVT0017,TOMEX DANMARK A/S,HASSERISVEJ 139,NULL,14,OVERSEAS SUPPLIERS,TRADE VENDOR,CASH,Y,UVT0017,Y
UVT0018,TOMO-YA JAPANESE FOOD TRADING PTE LTD,20 BUKIT BATOK CRESCENT,NULL,15,LOCAL SUPPLIERS,TRADE VENDOR,CASH,Y,NULL,NULL
UVT0019,TIAN YI TRADING (2014)LLP,BLK 410 PANDAN CRESCENT #15-79,NULL,15,LOCAL SUPPLIERS,TRADE VENDOR,CASH,Y,UVT0019,Y
UVT0020,TAT HONG FISHERY,15 JALAN TEPONG #01-12/13,NULL,15,LOCAL SUPPLIERS,TRADE VENDOR,CASH,Y,NULL,NULL
UVT0021,T&L INDUSTRIES PTE LTD,3 SOON LEE STREET,NULL,15,LOCAL SUPPLIERS,TRADE VENDOR,30 DAYS,Y,UVT0021,Y
UVT0022,THEFOODSPREE PTE LTD,NULL,NULL,15,LOCAL SUPPLIERS,TRADE VENDOR,30 DAYS,Y,NULL,NULL
UVT0023,TOP CHOICE FOOD (S) PTE LTD,12 WAN LEE ROAD JURONG INDUSTRIAL ESTATE,NULL,15,LOCAL SUPPLIERS,TRADE VENDOR,30 DAYS,Y,UVT0023,Y
UVT0024,TG FISHERY HOLDINGS CORPORATION,BLK IV-8 ZONE A1,NULL,14,OVERSEAS SUPPLIERS,TRADE VENDOR,30 DAYS,Y,UVT0024,Y
UVT0025,T&L SEAFOOD SUPPLIES PTE LTD,NO 15 JALAN TEPONG,NULL,15,LOCAL SUPPLIERS,TRADE VENDOR,30 DAYS,Y,NULL,NULL
UVT0026,TIAN CAI IMPORT & EXPORT PTE LTD,8B ADMIRALTY STREET #01-11,NULL,15,LOCAL SUPPLIERS,TRADE VENDOR,CASH,Y,UVT0026,Y
UVT0027,THAI GUAN KIAT KEE,BLK 406 PANDAN GARDEN,NULL,15,LOCAL SUPPLIERS,TRADE VENDOR,CASH,Y,UVT0027,Y
UVT0028,TIOH TRADING SDN BHD,700 TANJUNG BEREMBANG 14310,NULL,14,OVERSEAS SUPPLIERS,TRADE VENDOR,CASH,Y,NULL,NULL
UVT0029,THE FISH NET PTE LTD,50 SERANGOON NORTH AVE 4,NULL,15,LOCAL SUPPLIERS,TRADE VENDOR,30 DAYS,Y,NULL,NULL
UVT0030,THOMSEN FOOD LINE AS,25 BUKIT BATOK CRESCENT,NULL,14,OVERSEAS SUPPLIERS,TRADE VENDOR,CASH,Y,UVT0030,Y
UVT0031,TRADE-PRO FOOD (IMPORT&EXPORT) PTE LTD,1 SUNVIEW ROAD #08-30,NULL,15,LOCAL SUPPLIERS,TRADE VENDOR,30 DAYS,Y,UVT0031,Y
UVT0032,TONY SUPPLIERS,BLK 109 SERANGOON NORTH AVE 1,NULL,15,LOCAL SUPPLIERS,TRADE VENDOR,30 DAYS,Y,NULL,NULL
UVT0033,TIONG HIN FISH MERCHANT CO,35 FISHERY PORT ROAD,NULL,15,LOCAL SUPPLIERS,TRADE VENDOR,30 DAYS,Y,UVT0033,Y
UVT0034,TOPSELLER PTE LTD,NULL,619529,15,LOCAL SUPPLIERS,TRADE VENDOR,30 DAYS,Y,NULL,NULL
UVT0035,TECK SENG BEE FOOD MANUFACTURERS PTE LTD,?????????????,738322,15,LOCAL SUPPLIERS,OTHER VENDOR,30 DAYS,Y,NULL,NULL
UVT0036,TOHO SINGAPORE PTE LTD,NULL,119937,15,LOCAL SUPPLIERS,TRADE VENDOR,CASH,Y,NULL,NULL
UVT0037,TOP FOAM INDUSTRIES PTE LTD,NULL,758182,15,LOCAL SUPPLIERS,TRADE VENDOR,30 DAYS,Y,UVT0037,Y
UVT0038,THE FISH FARMER PTE LTD,NULL,787805,15,LOCAL SUPPLIERS,TRADE VENDOR,30 DAYS,Y,NULL,NULL
UVT0039,THE MEATERY,NULL,597071,15,LOCAL SUPPLIERS,TRADE VENDOR,30 DAYS,Y,UVT0039,Y
UVT0040,TRADE-PRO TRADING PTE LTD,1 SUNVIEW ROAD #08-30,NULL,15,LOCAL SUPPLIERS,TRADE VENDOR,30 DAYS,Y,UVT0040,Y
UVT0041,TOH FOOD PTE LTD,NULL,738322,15,LOCAL SUPPLIERS,TRADE VENDOR,CASH,Y,UVT0041,Y
UVT0042,TAO YUAN PTE LTD,NULL,NULL,15,LOCAL SUPPLIERS,TRADE VENDOR,30 DAYS,Y,UVT0042,Y
UVT0043,TW FOODSTUFF,NULL,NULL,15,LOCAL SUPPLIERS,TRADE VENDOR,30 DAYS,Y,UVT0043,Y
UVT0044,TAIHUINI,NULL,NULL,15,LOCAL SUPPLIERS,OTHER VENDOR,30 DAYS,Y,UVT0044,Y
UVT0045,T&G GROUP SUPPLIES PTE LTD,NULL,NULL,15,LOCAL SUPPLIERS,TRADE VENDOR,30 DAYS,Y,UVT0045,Y
UVU0001,UNITED SUPPLIES PTE LTD,"BLK 339, WOODLANDS AVE 1",730339,15,LOCAL SUPPLIERS,TRADE VENDOR,CASH,Y,UVU0001,Y
UVU0002,U-MARKET PLACE ENTERPRISE PTE LTD,6A SENOKO SOUTH RD,NULL,15,LOCAL SUPPLIERS,TRADE VENDOR,CASH,Y,NULL,NULL
UVU0003,UMAIRAH HALAL FOOD,NULL,NULL,15,LOCAL SUPPLIERS,TRADE VENDOR,CASH,Y,NULL,NULL
UVU0004,U SAVE TRADING (IMPORT EXPORT),NULL,737856,15,LOCAL SUPPLIERS,TRADE VENDOR,CASH,Y,NULL,NULL
UVU0005,URG PTE LTD,NULL,408554,15,LOCAL SUPPLIERS,TRADE VENDOR,30 DAYS,Y,UVU0005,Y
UVU0006,U FOOD SUPPLY CHAIN MANAGEMENT PTE LTD,NULL,179433,15,LOCAL SUPPLIERS,TRADE VENDOR,30 DAYS,Y,UVU0006,Y
UVU0007,U GOURMET PTE LTD,NULL,530446,15,LOCAL SUPPLIERS,TRADE VENDOR,30 DAYS,Y,UVU0007,Y
UVV0001,VIET TECHNICAL SOLUTION JSC,"N 12 A , STREET 29",NULL,14,OVERSEAS SUPPLIERS,TRADE VENDOR,CASH,Y,UVV0001,Y
UVV0002,V.P. YANG MEAT WHOLESALE PTE LTD,NO 9 FISHERY PORT ROAD,619730,15,LOCAL SUPPLIERS,TRADE VENDOR,CASH,Y,NULL,NULL
UVV0003,VEGETARIAN WORLD FOODS TRADING,"6 TAGORE DRIVE , #01-08",NULL,15,LOCAL SUPPLIERS,TRADE VENDOR,CASH,Y,UVV0003,Y
UVV0004,VAN Y CORPORATION,THANH BINH INDUSTRAIL ZONE,NULL,14,OVERSEAS SUPPLIERS,TRADE VENDOR,30 DAYS,Y,NULL,NULL
UVV0005,VANER INVESTMENT PTE LTD,NULL,486121,15,LOCAL SUPPLIERS,TRADE VENDOR,30 DAYS,Y,UVV0005,Y
UVW0001,WTT TRADING PTE LTD,No 3 Mandai Link,728651,15,LOCAL SUPPLIERS,TRADE VENDOR,CASH,Y,NULL,NULL
UVW0002,WEE MENG VEGETARIAN FOOD TRADING,"Blk 454 #10-105,",680454,15,LOCAL SUPPLIERS,TRADE VENDOR,CASH,Y,NULL,NULL
UVW0003,WILLIAM KOO SEA PDT PROCESSING FACTORY,62 WOODLANDS TERRANCE,NULL,15,LOCAL SUPPLIERS,TRADE VENDOR,CASH,Y,NULL,NULL
UVW0004,WENWAH TRADING,No 11 Chin Bee Drive (3rd Storey),619862,15,LOCAL SUPPLIERS,TRADE VENDOR,CASH,Y,NULL,NULL
UVW0005,WHOLE TRADING PTE LTD,39 FISHERY PORT ROAD,619745,15,LOCAL SUPPLIERS,TRADE VENDOR,30 DAYS,Y,NULL,NULL
UVW0006,WU FENG FROZEN FOOD PTE LTD,BLK 15 WOODLANDS LOOP #01-43,738322,15,LOCAL SUPPLIERS,TRADE VENDOR,CASH,Y,NULL,NULL
UVW0007,SURE GOOD FOODS LTD,2333 NORTH SHERIDAN WAY,NULL,NULL,NULL,TRADE VENDOR,30 DAYS,Y,NULL,NULL
UVW0008,S FOODS SINGAPORE PTE LTD,NO 48 WOODLANDS TERRANCE,NULL,15,LOCAL SUPPLIERS,TRADE VENDOR,30 DAYS,Y,UVW0008,Y
UVW0009,WHOLE INGREDIENTS PTE LTD,5 BUROH LANE #05-03 SORE 618289,NULL,15,LOCAL SUPPLIERS,TRADE VENDOR,30 DAYS,Y,UVW0009,Y
UVW0010,WEALTH GROUP LIMITED,UNIT 706,NULL,14,OVERSEAS SUPPLIERS,TRADE VENDOR,CASH,Y,UVW0010,Y
UVW0011,WAN RI TONG TRADING,NULL,728653,15,LOCAL SUPPLIERS,TRADE VENDOR,CASH,Y,NULL,NULL
UVW0012,WATER TIGER INVESTMENTS PTE LTD,NULL,179094,15,LOCAL SUPPLIERS,TRADE VENDOR,CASH,Y,UVW0012,Y
UVW0013,WANZHOU TRADING (ASIA) PTE LTD,NULL,SPORE 048619,15,LOCAL SUPPLIERS,TRADE VENDOR,CASH,Y,UVW0013,Y
UVX0001,XIE CHUN TRADING PTE LTD,BLK 4008 DEPOT LANE,109762,15,LOCAL SUPPLIERS,TRADE VENDOR,CASH,Y,NULL,NULL
UVX0002,XIN JIA FU FOOD PTE LTD,8A ADMIRALTY STREET,757437,15,LOCAL SUPPLIERS,TRADE VENDOR,30 DAYS,Y,UVX0002,Y
UVX0010,XIAMEN SHUNTONGFA IMP.&EXP.CO.LTD,NULL,NULL,14,OVERSEAS SUPPLIERS,OTHER VENDOR,30 DAYS,Y,NULL,NULL
UVY0001,YONG WEN FOOD INDUSTRIES (S) PTE LTD,9 THIRD CHIN BEE ROAD,618826,15,LOCAL SUPPLIERS,TRADE VENDOR,CASH,Y,UVY0001,Y
UVY0002,YU FISH PRIVATE LIMITED,NO 9 FISHERY PORT ROAD,619730,14,OVERSEAS SUPPLIERS,TRADE VENDOR,CASH,Y,NULL,NULL
UVY0003,YANG CHONG ONG FOOD TRADING MERCHANT,NO 11 CHIN BEE DRIVE,619862,15,LOCAL SUPPLIERS,TRADE VENDOR,30 DAYS,Y,UVY0003,Y
UVY0004,YANG SEAFOOD PTE LTD,BLK 326 JURONG WEST,619862,15,LOCAL SUPPLIERS,TRADE VENDOR,CASH,Y,NULL,NULL
UVY0005,YUAN SANG PTE LTD,BLK 16 PASIR PANJANG WHOLESALE CENTRE,NULL,15,LOCAL SUPPLIERS,OTHER VENDOR,CASH,Y,NULL,NULL
UVY0006,YOCORN FOOD ENTERPRISE PTE LTD,NULL,619930,15,LOCAL SUPPLIERS,TRADE VENDOR,30 DAYS,Y,UVY0006,Y
UVY0007,GS ASIA ENTERPRISE PTE LTD,NULL,NULL,15,LOCAL SUPPLIERS,TRADE VENDOR,30 DAYS,Y,NULL,NULL
UVZ0001,ZENIA SINGAPORE PTE LTD,263 PANDAN LOOP,128437,15,LOCAL SUPPLIERS,TRADE VENDOR,CASH,Y,NULL,NULL
UVZ0002,ZAC MEAT & POULTRY PTE LTD,"16 WOODLANDS TERRACE,",north,15,LOCAL SUPPLIERS,TRADE VENDOR,CASH,Y,NULL,NULL
UVZ0003,ZUZEN FOOD PTE LTD,24 JURONG PORT ROAD,WEST,15,LOCAL SUPPLIERS,TRADE VENDOR,30 DAYS,Y,UVZ0003,Y
UVZ0004,"ZHEJIANG TIANHE AQUATIC PRODUCT INC.,LTD",NULL,NULL,14,OVERSEAS SUPPLIERS,OTHER VENDOR,30 DAYS,Y,NULL,NULL
